ID,LABELS
zurich_000069_000019,"[8, 8]"
zurich_000063_000019,[8]
zurich_000110_000019,[8]
zurich_000016_000019,[8]
zurich_000027_000019,"[8, 8, 8, 8, 8, 8]"
zurich_000052_000019,"[8, 8]"
zurich_000121_000019,"[8, 8]"
zurich_000093_000019,"[8, 8, 8, 8]"
zurich_000058_000019,[8]
zurich_000099_000019,"[8, 8, 8]"
zurich_000064_000019,"[8, 8, 8]"
zurich_000117_000019,[8]
zurich_000011_000019,"[8, 8]"
zurich_000020_000019,"[8, 8, 8, 8, 8, 8]"
zurich_000055_000019,"[8, 8, 8, 8]"
zurich_000094_000019,"[8, 8]"
zurich_000012_000019,"[8, 8]"
zurich_000114_000019,"[8, 8, 8]"
zurich_000067_000019,[8]
zurich_000018_000019,"[8, 8, 8, 8]"
zurich_000029_000019,"[8, 8, 8, 8]"
zurich_000056_000019,"[8, 8]"
zurich_000097_000019,[8]
zurich_000023_000019,"[8, 8, 8]"
zurich_000015_000019,[8]
zurich_000113_000019,[8]
zurich_000060_000019,"[8, 8]"
zurich_000119_000019,"[8, 8]"
zurich_000051_000019,"[8, 8, 8]"
zurich_000090_000019,[8]
zurich_000024_000019,"[8, 8, 8]"
zurich_000091_000019,[8]
zurich_000050_000019,"[8, 8]"
zurich_000025_000019,"[8, 8, 8]"
zurich_000118_000019,"[8, 8]"
zurich_000014_000019,"[8, 8, 8, 8]"
zurich_000061_000019,[8]
zurich_000112_000019,"[8, 8]"
zurich_000096_000019,[8]
zurich_000057_000019,"[8, 8]"
zurich_000022_000019,"[8, 8, 8, 8, 8, 8, 8]"
zurich_000028_000019,"[8, 8, 8]"
zurich_000019_000019,"[8, 8]"
zurich_000013_000019,"[8, 8, 8]"
zurich_000066_000019,"[8, 8]"
zurich_000115_000019,"[8, 8]"
zurich_000021_000019,"[8, 8, 8]"
zurich_000095_000019,[8]
zurich_000054_000019,"[8, 8, 8]"
zurich_000116_000019,"[8, 8]"
zurich_000065_000019,[]
zurich_000010_000019,"[8, 8]"
zurich_000098_000019,"[8, 8]"
zurich_000059_000019,"[8, 8]"
zurich_000026_000019,[8]
zurich_000092_000019,[8]
zurich_000120_000019,"[8, 8]"
zurich_000053_000019,"[8, 8]"
zurich_000111_000019,"[8, 8]"
zurich_000062_000019,[8]
zurich_000017_000019,"[8, 8]"
zurich_000068_000019,[8]
zurich_000034_000019,"[8, 8]"
zurich_000041_000019,"[8, 8]"
zurich_000080_000019,"[8, 8, 8]"
zurich_000109_000019,"[8, 8, 8, 8]"
zurich_000103_000019,[8]
zurich_000070_000019,"[8, 8, 8]"
zurich_000005_000019,[]
zurich_000033_000019,"[8, 8, 8]"
zurich_000046_000019,"[8, 8, 8, 8]"
zurich_000087_000019,"[8, 8, 8, 8]"
zurich_000039_000019,"[8, 8, 8]"
zurich_000008_000019,"[8, 8, 8, 8]"
zurich_000104_000019,[8]
zurich_000077_000019,"[8, 8, 8, 8, 8]"
zurich_000002_000019,"[8, 8]"
zurich_000045_000019,"[8, 8, 8]"
zurich_000084_000019,"[8, 8, 8, 8]"
zurich_000030_000019,"[8, 8]"
zurich_000001_000019,"[8, 8]"
zurich_000074_000019,"[8, 8, 8, 8]"
zurich_000107_000019,"[8, 8, 8]"
zurich_000048_000019,"[8, 8]"
zurich_000089_000019,[]
zurich_000042_000019,"[8, 8]"
zurich_000083_000019,"[8, 8, 8]"
zurich_000037_000019,"[8, 8, 8]"
zurich_000006_000019,"[8, 8]"
zurich_000073_000019,"[8, 8, 8, 8]"
zurich_000100_000019,"[8, 8, 8]"
zurich_000079_000019,"[8, 8, 8, 8, 8]"
zurich_000078_000019,"[8, 8, 8, 8, 8]"
zurich_000007_000019,"[8, 8, 8, 8, 8, 8]"
zurich_000101_000019,"[8, 8]"
zurich_000072_000019,"[8, 8]"
zurich_000082_000019,"[8, 8, 8, 8]"
zurich_000043_000019,"[8, 8]"
zurich_000036_000019,"[8, 8]"
zurich_000088_000019,"[8, 8, 8, 8]"
zurich_000049_000019,[8]
zurich_000000_000019,"[8, 8]"
zurich_000106_000019,"[8, 8, 8]"
zurich_000075_000019,"[8, 8, 8]"
zurich_000085_000019,"[8, 8, 8]"
zurich_000044_000019,"[8, 8]"
zurich_000031_000019,"[8, 8]"
zurich_000076_000019,"[8, 8, 8, 8]"
zurich_000105_000019,"[8, 8]"
zurich_000003_000019,"[8, 8, 8, 8]"
zurich_000009_000019,"[8, 8, 8]"
zurich_000038_000019,"[8, 8]"
zurich_000032_000019,"[8, 8]"
zurich_000086_000019,"[8, 8, 8]"
zurich_000047_000019,"[8, 8]"
zurich_000071_000019,"[8, 8]"
zurich_000102_000019,"[8, 8]"
zurich_000004_000019,"[8, 8, 8, 8, 8]"
zurich_000108_000019,[8]
zurich_000035_000019,[8]
zurich_000081_000019,"[8, 8, 8]"
zurich_000040_000019,"[8, 8, 8]"
strasbourg_000001_065214,"[8, 8, 8]"
strasbourg_000001_031582,"[8, 8, 8, 8, 8]"
strasbourg_000001_039446,"[8, 8, 8]"
strasbourg_000001_017844,"[8, 8]"
strasbourg_000001_019247,"[8, 8, 8, 8]"
strasbourg_000000_019891,"[8, 8, 8]"
strasbourg_000000_035255,"[8, 8]"
strasbourg_000001_031683,"[8, 8]"
strasbourg_000001_008576,[]
strasbourg_000000_028628,"[8, 8, 8]"
strasbourg_000001_016481,"[8, 8, 8]"
strasbourg_000001_059675,"[8, 8]"
strasbourg_000001_001722,[8]
strasbourg_000000_025907,"[8, 8, 8]"
strasbourg_000000_008603,"[8, 8]"
strasbourg_000001_023271,"[8, 8, 8, 8]"
strasbourg_000001_056330,"[8, 8]"
strasbourg_000001_011617,"[8, 8]"
strasbourg_000000_021651,"[8, 8]"
strasbourg_000001_051448,"[8, 8, 8]"
strasbourg_000001_018155,"[8, 8, 8]"
strasbourg_000001_048605,"[8, 8, 8]"
strasbourg_000000_002183,"[8, 8, 8, 8, 8]"
strasbourg_000000_025268,"[8, 8]"
strasbourg_000001_016253,"[8, 8]"
strasbourg_000001_018742,"[8, 8]"
strasbourg_000001_061384,"[8, 8]"
strasbourg_000001_062362,"[8, 8, 8]"
strasbourg_000001_060061,"[8, 8]"
strasbourg_000000_027156,[8]
strasbourg_000000_031223,"[8, 8]"
strasbourg_000000_025491,"[8, 8, 8]"
strasbourg_000001_013767,"[8, 8]"
strasbourg_000001_017675,"[8, 8]"
strasbourg_000001_003676,[8]
strasbourg_000001_039558,"[8, 8]"
strasbourg_000000_034040,"[8, 8]"
strasbourg_000000_029400,"[8, 8]"
strasbourg_000000_017159,"[8, 8]"
strasbourg_000001_063808,"[8, 8, 8]"
strasbourg_000001_045481,"[8, 8]"
strasbourg_000000_003846,"[8, 8, 8, 8]"
strasbourg_000001_025833,"[8, 8]"
strasbourg_000000_024945,"[8, 8]"
strasbourg_000001_022151,"[8, 8, 8]"
strasbourg_000001_010445,"[8, 8, 8]"
strasbourg_000000_014416,"[8, 8, 8, 8]"
strasbourg_000001_001072,"[8, 8]"
strasbourg_000000_027233,"[8, 8]"
strasbourg_000001_015974,[8]
strasbourg_000000_030941,[8]
strasbourg_000001_020956,"[8, 8]"
strasbourg_000001_051877,"[8, 8]"
strasbourg_000001_042869,[8]
strasbourg_000001_047619,"[8, 8, 8, 8]"
strasbourg_000001_056857,"[8, 8]"
strasbourg_000001_002519,[]
strasbourg_000001_059433,"[8, 8, 8]"
strasbourg_000001_015605,"[8, 8]"
strasbourg_000001_031116,"[8, 8]"
strasbourg_000001_005666,"[8, 8, 8]"
strasbourg_000000_017283,"[8, 8, 8]"
strasbourg_000001_061472,"[8, 8, 8]"
strasbourg_000000_020653,"[8, 8]"
strasbourg_000000_018153,"[8, 8]"
strasbourg_000001_000113,"[8, 8]"
strasbourg_000001_040620,"[8, 8, 8]"
strasbourg_000000_026882,"[8, 8, 8]"
strasbourg_000001_044219,"[8, 8, 8, 8]"
strasbourg_000001_034375,"[8, 8, 8]"
strasbourg_000001_047955,"[8, 8, 8]"
strasbourg_000001_057517,"[8, 8, 8]"
strasbourg_000000_031323,[8]
strasbourg_000001_064393,"[8, 8, 8]"
strasbourg_000000_013654,"[8, 8, 8]"
strasbourg_000001_010755,"[8, 8]"
strasbourg_000001_004106,"[8, 8, 8]"
strasbourg_000001_055934,"[8, 8]"
strasbourg_000000_017593,"[8, 8]"
strasbourg_000001_054275,"[8, 8, 8, 8]"
strasbourg_000001_051317,"[8, 8, 8]"
strasbourg_000001_042309,"[8, 8]"
strasbourg_000000_029051,"[8, 8, 8]"
strasbourg_000001_043080,"[8, 8]"
strasbourg_000000_004383,"[8, 8, 8, 8, 8, 8]"
strasbourg_000000_019617,"[8, 8, 8]"
strasbourg_000001_014033,[8]
strasbourg_000001_064224,"[8, 8, 8, 8]"
strasbourg_000000_007813,"[8, 8, 8]"
strasbourg_000001_052979,"[8, 8, 8]"
strasbourg_000001_049977,"[8, 8]"
strasbourg_000001_059914,"[8, 8, 8]"
strasbourg_000001_036697,"[8, 8, 8, 8]"
strasbourg_000001_025426,"[8, 8, 8, 8, 8]"
strasbourg_000000_017450,"[8, 8, 8, 8]"
strasbourg_000001_016376,"[8, 8, 8, 8]"
strasbourg_000001_011775,"[8, 8, 8]"
strasbourg_000001_022363,"[8, 8]"
strasbourg_000000_015131,[8]
strasbourg_000001_016681,"[8, 8, 8, 8]"
strasbourg_000001_051134,"[8, 8, 8]"
strasbourg_000001_035276,"[8, 8]"
strasbourg_000001_001449,"[8, 8]"
strasbourg_000001_030120,"[8, 8, 8]"
strasbourg_000000_025089,"[8, 8]"
strasbourg_000001_007148,"[8, 8]"
strasbourg_000001_061285,"[8, 8]"
strasbourg_000001_039374,"[8, 8, 8]"
strasbourg_000001_007657,[8]
strasbourg_000000_009619,"[8, 8, 8]"
strasbourg_000000_033129,"[8, 8, 8]"
strasbourg_000000_028822,"[8, 8]"
strasbourg_000001_051574,"[8, 8, 8]"
strasbourg_000000_019050,"[8, 8]"
strasbourg_000001_035689,"[8, 8]"
strasbourg_000001_053579,"[8, 8, 8]"
strasbourg_000001_033925,"[8, 8]"
strasbourg_000001_048121,[8]
strasbourg_000000_016436,"[8, 8]"
strasbourg_000000_005995,"[8, 8, 8]"
strasbourg_000001_009333,"[8, 8, 8]"
strasbourg_000001_030269,"[8, 8]"
strasbourg_000001_058105,[8]
strasbourg_000001_014258,"[8, 8, 8, 8]"
strasbourg_000001_042558,"[8, 8]"
strasbourg_000001_009618,"[8, 8]"
strasbourg_000001_040761,"[8, 8, 8, 8, 8, 8]"
strasbourg_000001_017540,"[8, 8, 8]"
strasbourg_000000_035571,[8]
strasbourg_000001_018872,"[8, 8, 8, 8]"
strasbourg_000001_031976,"[8, 8, 8]"
strasbourg_000000_032346,"[8, 8]"
strasbourg_000001_038281,"[8, 8, 8, 8]"
strasbourg_000000_011225,"[8, 8, 8]"
strasbourg_000000_014235,"[8, 8, 8, 8]"
strasbourg_000000_009110,"[8, 8]"
strasbourg_000001_055698,"[8, 8, 8, 8, 8]"
strasbourg_000001_034633,"[8, 8]"
strasbourg_000000_010816,"[8, 8, 8]"
strasbourg_000001_005289,"[8, 8, 8]"
strasbourg_000000_029839,[]
strasbourg_000001_006386,"[8, 8]"
strasbourg_000001_009795,[8]
strasbourg_000001_050098,"[8, 8, 8]"
strasbourg_000001_006153,"[8, 8]"
strasbourg_000001_013266,"[8, 8]"
strasbourg_000001_042434,"[8, 8]"
strasbourg_000000_011880,"[8, 8, 8]"
strasbourg_000000_007441,"[8, 8]"
strasbourg_000001_003489,"[8, 8, 8]"
strasbourg_000001_007524,[8]
strasbourg_000001_026355,"[8, 8, 8]"
strasbourg_000001_056142,"[8, 8]"
strasbourg_000001_029980,"[8, 8]"
strasbourg_000001_052050,"[8, 8]"
strasbourg_000000_015602,"[8, 8]"
strasbourg_000000_006621,"[8, 8, 8]"
strasbourg_000000_006995,"[8, 8]"
strasbourg_000000_029915,[8]
strasbourg_000001_033027,"[8, 8, 8, 8]"
strasbourg_000000_004248,"[8, 8, 8, 8, 8, 8, 8, 8]"
strasbourg_000001_009246,"[8, 8, 8]"
strasbourg_000001_002216,[]
strasbourg_000001_024701,"[8, 8, 8]"
strasbourg_000001_023515,"[8, 8, 8, 8, 8, 8]"
strasbourg_000001_022836,[8]
strasbourg_000001_026856,"[8, 8, 8]"
strasbourg_000001_015220,"[8, 8, 8]"
strasbourg_000001_042235,"[8, 8]"
strasbourg_000001_036480,"[8, 8, 8, 8]"
strasbourg_000001_030539,[8]
strasbourg_000001_057930,[8]
strasbourg_000000_035713,[8]
strasbourg_000001_000778,"[8, 8]"
strasbourg_000001_011990,"[8, 8, 8]"
strasbourg_000001_061685,"[8, 8, 8]"
strasbourg_000000_013863,"[8, 8, 8, 8]"
strasbourg_000000_014931,"[8, 8, 8]"
strasbourg_000001_008771,"[8, 8, 8]"
strasbourg_000001_034494,"[8, 8, 8]"
strasbourg_000001_028379,"[8, 8]"
strasbourg_000001_006916,"[8, 8]"
strasbourg_000000_018874,[8]
strasbourg_000000_008677,"[8, 8]"
strasbourg_000001_031272,[8]
strasbourg_000000_014101,"[8, 8]"
strasbourg_000000_014584,[8]
strasbourg_000001_049776,"[8, 8]"
strasbourg_000000_030706,"[8, 8, 8]"
strasbourg_000000_026316,"[8, 8, 8]"
strasbourg_000001_055273,"[8, 8, 8, 8]"
strasbourg_000000_014503,"[8, 8, 8]"
strasbourg_000001_018432,"[8, 8, 8, 8, 8, 8]"
strasbourg_000001_037776,"[8, 8, 8]"
strasbourg_000001_047755,"[8, 8]"
strasbourg_000001_054639,"[8, 8, 8, 8]"
strasbourg_000000_023854,"[8, 8, 8]"
strasbourg_000001_008310,[]
strasbourg_000000_023064,"[8, 8, 8, 8, 8, 8]"
strasbourg_000001_031427,"[8, 8, 8, 8, 8, 8]"
strasbourg_000000_002553,"[8, 8]"
strasbourg_000001_045135,"[8, 8, 8, 8, 8]"
strasbourg_000000_013322,"[8, 8, 8]"
strasbourg_000001_024379,"[8, 8, 8, 8]"
strasbourg_000001_058954,"[8, 8]"
strasbourg_000000_033838,"[8, 8, 8]"
strasbourg_000001_001901,[]
strasbourg_000001_052198,"[8, 8, 8, 8]"
strasbourg_000001_051934,"[8, 8]"
strasbourg_000000_017761,[8]
strasbourg_000001_040981,"[8, 8]"
strasbourg_000001_007864,"[8, 8]"
strasbourg_000000_006264,"[8, 8]"
strasbourg_000000_004112,"[8, 8, 8, 8, 8, 8, 8]"
strasbourg_000001_034923,"[8, 8]"
strasbourg_000001_051661,"[8, 8, 8]"
strasbourg_000001_052497,"[8, 8]"
strasbourg_000001_019698,"[8, 8, 8]"
strasbourg_000001_022560,[8]
strasbourg_000001_036937,"[8, 8, 8, 8]"
strasbourg_000001_020904,"[8, 8]"
strasbourg_000001_002081,[]
strasbourg_000000_015506,"[8, 8, 8]"
strasbourg_000000_034097,"[8, 8, 8, 8]"
strasbourg_000001_045880,"[8, 8, 8, 8]"
strasbourg_000000_006106,"[8, 8, 8]"
strasbourg_000000_021231,"[8, 8, 8, 8]"
strasbourg_000000_030435,"[8, 8]"
strasbourg_000001_057191,"[8, 8, 8, 8]"
strasbourg_000001_062691,"[8, 8, 8, 8, 8]"
strasbourg_000000_017081,"[8, 8]"
strasbourg_000000_016311,"[8, 8]"
strasbourg_000001_026606,"[8, 8, 8]"
strasbourg_000000_012070,[8]
strasbourg_000001_039231,"[8, 8, 8]"
strasbourg_000001_058373,"[8, 8, 8, 8, 8]"
strasbourg_000001_052544,[8]
strasbourg_000000_019229,"[8, 8]"
strasbourg_000000_029729,"[8, 8]"
strasbourg_000001_004260,"[8, 8]"
strasbourg_000000_005912,[8]
strasbourg_000000_017044,"[8, 8]"
strasbourg_000000_000295,[8]
strasbourg_000000_020432,"[8, 8, 8]"
strasbourg_000001_010640,"[8, 8, 8]"
strasbourg_000001_017469,"[8, 8, 8]"
strasbourg_000001_057811,[8]
strasbourg_000001_039114,[8]
strasbourg_000000_024179,"[8, 8, 8]"
strasbourg_000001_010162,"[8, 8, 8]"
strasbourg_000000_029179,"[8, 8, 8, 8, 8]"
strasbourg_000001_039703,"[8, 8, 8, 8]"
strasbourg_000001_065572,"[8, 8]"
strasbourg_000001_057129,"[8, 8]"
strasbourg_000000_026611,"[8, 8, 8]"
strasbourg_000000_026998,[8]
strasbourg_000000_016247,"[8, 8, 8, 8]"
strasbourg_000001_047336,"[8, 8, 8, 8, 8]"
strasbourg_000001_030839,"[8, 8]"
strasbourg_000001_043748,"[8, 8]"
strasbourg_000001_053976,"[8, 8]"
strasbourg_000001_002949,[]
strasbourg_000000_018616,"[8, 8, 8]"
strasbourg_000000_028240,[8]
strasbourg_000000_034387,"[8, 8, 8]"
strasbourg_000001_043886,"[8, 8]"
strasbourg_000001_030997,[8]
strasbourg_000001_060173,"[8, 8, 8, 8]"
strasbourg_000001_029178,"[8, 8, 8, 8]"
strasbourg_000000_029481,"[8, 8, 8, 8]"
strasbourg_000000_015764,"[8, 8, 8]"
strasbourg_000001_063385,"[8, 8]"
strasbourg_000000_006483,"[8, 8]"
strasbourg_000000_029020,"[8, 8, 8]"
strasbourg_000001_002354,[]
strasbourg_000000_028912,"[8, 8]"
strasbourg_000000_025351,"[8, 8]"
strasbourg_000000_025772,"[8, 8, 8, 8]"
strasbourg_000000_032962,"[8, 8]"
strasbourg_000001_005876,"[8, 8, 8]"
strasbourg_000000_027771,"[8, 8, 8, 8]"
strasbourg_000000_035942,[8]
strasbourg_000001_047702,"[8, 8, 8]"
strasbourg_000000_029281,"[8, 8, 8]"
strasbourg_000000_014066,"[8, 8]"
strasbourg_000000_000065,"[8, 8, 8]"
strasbourg_000001_024152,"[8, 8]"
strasbourg_000001_035562,"[8, 8, 8]"
strasbourg_000001_037906,"[8, 8, 8, 8]"
strasbourg_000001_003159,"[8, 8, 8, 8]"
strasbourg_000000_003632,"[8, 8, 8]"
strasbourg_000001_049399,"[8, 8, 8, 8, 8, 8, 8]"
strasbourg_000000_022067,"[8, 8, 8]"
strasbourg_000001_003991,[]
strasbourg_000001_030725,"[8, 8, 8]"
strasbourg_000000_013574,"[8, 8, 8]"
strasbourg_000001_004983,"[8, 8, 8]"
strasbourg_000000_023694,"[8, 8, 8]"
strasbourg_000001_004745,"[8, 8]"
strasbourg_000000_013223,"[8, 8]"
strasbourg_000001_041215,[8]
strasbourg_000000_029339,"[8, 8]"
strasbourg_000001_027097,"[8, 8, 8, 8]"
strasbourg_000000_000751,"[8, 8, 8, 8, 8]"
strasbourg_000001_037645,"[8, 8, 8, 8, 8]"
strasbourg_000001_049143,"[8, 8, 8]"
strasbourg_000000_004951,"[8, 8]"
strasbourg_000000_019355,[]
strasbourg_000001_036232,"[8, 8, 8, 8]"
strasbourg_000000_031602,"[8, 8]"
strasbourg_000001_028852,"[8, 8, 8, 8]"
strasbourg_000000_033062,"[8, 8, 8, 8]"
strasbourg_000000_008784,[]
strasbourg_000000_010372,"[8, 8, 8, 8]"
strasbourg_000001_000508,"[8, 8, 8]"
strasbourg_000001_046324,"[8, 8, 8, 8, 8, 8, 8]"
strasbourg_000000_034652,"[8, 8]"
strasbourg_000001_053222,"[8, 8, 8]"
strasbourg_000001_002644,[]
strasbourg_000000_005249,"[8, 8, 8]"
strasbourg_000001_037090,"[8, 8, 8, 8, 8]"
strasbourg_000001_062542,"[8, 8, 8, 8]"
strasbourg_000001_006562,"[8, 8]"
strasbourg_000000_035008,"[8, 8]"
strasbourg_000001_040564,"[8, 8]"
strasbourg_000000_018358,[8]
strasbourg_000001_033448,"[8, 8, 8, 8, 8, 8]"
strasbourg_000000_029577,"[8, 8, 8, 8]"
strasbourg_000000_022489,"[8, 8, 8, 8, 8, 8, 8]"
strasbourg_000000_010049,"[8, 8, 8]"
strasbourg_000000_033747,"[8, 8, 8]"
strasbourg_000000_016024,"[8, 8, 8, 8]"
strasbourg_000000_032186,"[8, 8]"
strasbourg_000000_030324,"[8, 8]"
strasbourg_000000_004660,"[8, 8, 8, 8, 8, 8, 8]"
strasbourg_000001_005219,"[8, 8]"
strasbourg_000000_036016,[8]
strasbourg_000000_033425,[8]
strasbourg_000001_014629,"[8, 8]"
strasbourg_000001_012956,"[8, 8, 8, 8, 8]"
strasbourg_000001_052297,[8]
strasbourg_000000_001278,"[8, 8, 8]"
strasbourg_000001_013914,"[8, 8]"
strasbourg_000001_026106,"[8, 8, 8, 8]"
strasbourg_000001_052840,"[8, 8, 8]"
strasbourg_000001_021951,"[8, 8]"
strasbourg_000001_032660,"[8, 8]"
strasbourg_000000_028556,"[8, 8, 8]"
strasbourg_000001_009471,"[8, 8, 8]"
strasbourg_000001_055860,"[8, 8]"
strasbourg_000001_000710,"[8, 8, 8]"
strasbourg_000000_012934,"[8, 8]"
strasbourg_000000_030017,"[8, 8]"
strasbourg_000000_031067,"[8, 8]"
strasbourg_000000_007727,"[8, 8]"
strasbourg_000000_013944,"[8, 8]"
strasbourg_000001_029696,"[8, 8, 8, 8]"
strasbourg_000000_026575,"[8, 8, 8, 8]"
strasbourg_000000_026741,"[8, 8]"
strasbourg_000001_009097,"[8, 8]"
strasbourg_000000_014743,[]
strasbourg_000001_052430,[8]
strasbourg_000000_030122,"[8, 8]"
strasbourg_000001_060821,"[8, 8, 8, 8, 8]"
strasbourg_000001_032315,[8]
weimar_000128_000019,"[8, 8, 8, 8]"
weimar_000090_000019,[]
weimar_000122_000019,"[8, 8]"
weimar_000051_000019,"[8, 8]"
weimar_000024_000019,[8]
weimar_000015_000019,[8]
weimar_000113_000019,"[8, 8]"
weimar_000060_000019,"[8, 8]"
weimar_000119_000019,"[8, 8]"
weimar_000029_000019,"[8, 8]"
weimar_000097_000019,"[8, 8]"
weimar_000125_000019,"[8, 8]"
weimar_000056_000019,"[8, 8]"
weimar_000023_000019,[8]
weimar_000012_000019,"[8, 8]"
weimar_000114_000019,"[8, 8]"
weimar_000067_000019,"[8, 8]"
weimar_000018_000019,"[8, 8]"
weimar_000020_000019,"[8, 8]"
weimar_000094_000019,[8]
weimar_000055_000019,"[8, 8]"
weimar_000126_000019,[8]
weimar_000064_000019,"[8, 8]"
weimar_000117_000019,"[8, 8, 8, 8]"
weimar_000011_000019,"[8, 8, 8, 8]"
weimar_000027_000019,"[8, 8, 8]"
weimar_000093_000019,[]
weimar_000052_000019,"[8, 8]"
weimar_000121_000019,"[8, 8]"
weimar_000099_000019,"[8, 8, 8, 8]"
weimar_000058_000019,"[8, 8, 8]"
weimar_000069_000019,"[8, 8, 8]"
weimar_000063_000019,"[8, 8]"
weimar_000110_000019,"[8, 8]"
weimar_000016_000019,"[8, 8, 8]"
weimar_000111_000019,"[8, 8, 8, 8]"
weimar_000062_000019,"[8, 8]"
weimar_000017_000019,[8]
weimar_000068_000019,"[8, 8]"
weimar_000059_000019,"[8, 8]"
weimar_000098_000019,"[8, 8]"
weimar_000026_000019,"[8, 8, 8]"
weimar_000120_000019,"[8, 8]"
weimar_000053_000019,"[8, 8]"
weimar_000092_000019,[8]
weimar_000116_000019,"[8, 8]"
weimar_000065_000019,"[8, 8, 8]"
weimar_000010_000019,"[8, 8, 8, 8]"
weimar_000021_000019,"[8, 8]"
weimar_000127_000019,"[8, 8, 8]"
weimar_000054_000019,"[8, 8, 8]"
weimar_000095_000019,"[8, 8]"
weimar_000019_000019,"[8, 8, 8]"
weimar_000013_000019,"[8, 8]"
weimar_000066_000019,"[8, 8]"
weimar_000115_000019,"[8, 8, 8, 8]"
weimar_000057_000019,"[8, 8, 8]"
weimar_000124_000019,"[8, 8, 8]"
weimar_000096_000019,"[8, 8, 8]"
weimar_000022_000019,"[8, 8]"
weimar_000028_000019,"[8, 8]"
weimar_000118_000019,"[8, 8]"
weimar_000014_000019,"[8, 8, 8]"
weimar_000061_000019,"[8, 8, 8]"
weimar_000112_000019,"[8, 8]"
weimar_000050_000019,"[8, 8]"
weimar_000123_000019,"[8, 8]"
weimar_000091_000019,"[8, 8, 8]"
weimar_000025_000019,"[8, 8, 8, 8]"
weimar_000129_000019,"[8, 8]"
weimar_000006_000019,"[8, 8]"
weimar_000073_000019,"[8, 8]"
weimar_000100_000019,"[8, 8]"
weimar_000079_000019,"[8, 8]"
weimar_000089_000019,"[8, 8]"
weimar_000048_000019,"[8, 8]"
weimar_000083_000019,"[8, 8]"
weimar_000042_000019,"[8, 8, 8]"
weimar_000131_000019,"[8, 8]"
weimar_000037_000019,"[8, 8]"
weimar_000001_000019,"[8, 8, 8, 8]"
weimar_000074_000019,"[8, 8]"
weimar_000107_000019,"[8, 8, 8]"
weimar_000084_000019,"[8, 8]"
weimar_000045_000019,"[8, 8, 8]"
weimar_000136_000019,[8]
weimar_000030_000019,[8]
weimar_000008_000019,[]
weimar_000104_000019,"[8, 8, 8]"
weimar_000077_000019,"[8, 8]"
weimar_000002_000019,"[8, 8]"
weimar_000140_000019,"[8, 8, 8, 8, 8]"
weimar_000033_000019,"[8, 8, 8, 8]"
weimar_000087_000019,"[8, 8, 8, 8]"
weimar_000135_000019,"[8, 8, 8, 8]"
weimar_000046_000019,[8]
weimar_000039_000019,"[8, 8]"
weimar_000109_000019,"[8, 8]"
weimar_000103_000019,"[8, 8]"
weimar_000070_000019,"[8, 8]"
weimar_000005_000019,"[8, 8, 8]"
weimar_000034_000019,"[8, 8]"
weimar_000080_000019,"[8, 8]"
weimar_000132_000019,"[8, 8]"
weimar_000041_000019,"[8, 8]"
weimar_000138_000019,[8]
weimar_000139_000019,"[8, 8]"
weimar_000035_000019,"[8, 8, 8, 8]"
weimar_000040_000019,[8]
weimar_000133_000019,"[8, 8]"
weimar_000081_000019,"[8, 8, 8]"
weimar_000071_000019,"[8, 8, 8]"
weimar_000102_000019,"[8, 8, 8]"
weimar_000004_000019,"[8, 8, 8, 8]"
weimar_000108_000019,"[8, 8]"
weimar_000038_000019,"[8, 8]"
weimar_000032_000019,"[8, 8, 8]"
weimar_000141_000019,"[8, 8, 8]"
weimar_000047_000019,"[8, 8, 8]"
weimar_000134_000019,"[8, 8]"
weimar_000086_000019,"[8, 8]"
weimar_000076_000019,"[8, 8]"
weimar_000105_000019,"[8, 8, 8, 8]"
weimar_000003_000019,"[8, 8, 8]"
weimar_000009_000019,"[8, 8]"
weimar_000137_000019,[8]
weimar_000044_000019,"[8, 8, 8]"
weimar_000085_000019,[8]
weimar_000031_000019,"[8, 8, 8]"
weimar_000000_000019,[8]
weimar_000106_000019,"[8, 8]"
weimar_000075_000019,"[8, 8]"
weimar_000130_000019,"[8, 8]"
weimar_000043_000019,"[8, 8]"
weimar_000082_000019,"[8, 8]"
weimar_000036_000019,"[8, 8, 8, 8]"
weimar_000049_000019,"[8, 8, 8]"
weimar_000088_000019,"[8, 8]"
weimar_000078_000019,"[8, 8, 8, 8, 8]"
weimar_000007_000019,[8]
weimar_000101_000019,"[8, 8, 8]"
weimar_000072_000019,"[8, 8, 8]"
aachen_000079_000019,"[8, 8]"
aachen_000073_000019,[8]
aachen_000100_000019,"[8, 8]"
aachen_000006_000019,[8]
aachen_000037_000019,"[8, 8]"
aachen_000144_000019,"[8, 8]"
aachen_000042_000019,"[8, 8]"
aachen_000131_000019,"[8, 8]"
aachen_000083_000019,[8]
aachen_000048_000019,"[8, 8, 8]"
aachen_000089_000019,"[8, 8]"
aachen_000074_000019,"[8, 8]"
aachen_000107_000019,"[8, 8, 8]"
aachen_000001_000019,"[8, 8, 8, 8, 8]"
aachen_000172_000019,[8]
aachen_000030_000019,"[8, 8, 8]"
aachen_000143_000019,"[8, 8]"
aachen_000045_000019,"[8, 8, 8, 8]"
aachen_000136_000019,[]
aachen_000084_000019,"[8, 8, 8, 8]"
aachen_000149_000019,"[8, 8, 8, 8]"
aachen_000171_000019,[8]
aachen_000002_000019,"[8, 8]"
aachen_000104_000019,"[8, 8]"
aachen_000077_000019,"[8, 8]"
aachen_000008_000019,"[8, 8]"
aachen_000039_000019,"[8, 8]"
aachen_000135_000019,[8]
aachen_000046_000019,"[8, 8, 8, 8]"
aachen_000087_000019,"[8, 8]"
aachen_000140_000019,"[8, 8, 8]"
aachen_000033_000019,"[8, 8]"
aachen_000005_000019,"[8, 8, 8, 8, 8]"
aachen_000103_000019,"[8, 8, 8, 8]"
aachen_000070_000019,"[8, 8]"
aachen_000109_000019,[8]
aachen_000138_000019,[8]
aachen_000132_000019,"[8, 8, 8, 8]"
aachen_000041_000019,"[8, 8, 8, 8, 8]"
aachen_000080_000019,"[8, 8, 8, 8, 8]"
aachen_000147_000019,"[8, 8]"
aachen_000034_000019,[8]
aachen_000081_000019,"[8, 8]"
aachen_000040_000019,"[8, 8]"
aachen_000133_000019,"[8, 8]"
aachen_000035_000019,"[8, 8, 8]"
aachen_000146_000019,[8]
aachen_000139_000019,"[8, 8, 8, 8]"
aachen_000108_000019,"[8, 8]"
aachen_000004_000019,"[8, 8, 8, 8, 8]"
aachen_000071_000019,"[8, 8]"
aachen_000102_000019,"[8, 8]"
aachen_000086_000019,"[8, 8, 8, 8]"
aachen_000047_000019,"[8, 8]"
aachen_000134_000019,[]
aachen_000032_000019,"[8, 8]"
aachen_000141_000019,"[8, 8, 8]"
aachen_000038_000019,"[8, 8, 8]"
aachen_000009_000019,"[8, 8]"
aachen_000003_000019,"[8, 8, 8]"
aachen_000170_000019,"[8, 8, 8]"
aachen_000076_000019,"[8, 8, 8]"
aachen_000105_000019,"[8, 8, 8]"
aachen_000148_000019,"[8, 8]"
aachen_000142_000019,"[8, 8, 8, 8]"
aachen_000031_000019,"[8, 8, 8]"
aachen_000085_000019,"[8, 8, 8]"
aachen_000137_000019,"[8, 8]"
aachen_000044_000019,"[8, 8]"
aachen_000106_000019,"[8, 8]"
aachen_000075_000019,"[8, 8]"
aachen_000173_000019,"[8, 8]"
aachen_000000_000019,"[8, 8]"
aachen_000088_000019,"[8, 8]"
aachen_000049_000019,"[8, 8, 8]"
aachen_000145_000019,"[8, 8]"
aachen_000036_000019,"[8, 8]"
aachen_000082_000019,[8]
aachen_000130_000019,[8]
aachen_000043_000019,"[8, 8]"
aachen_000101_000019,[8]
aachen_000072_000019,"[8, 8, 8, 8, 8]"
aachen_000007_000019,"[8, 8]"
aachen_000078_000019,"[8, 8]"
aachen_000157_000019,"[8, 8, 8]"
aachen_000024_000019,[8]
aachen_000122_000019,"[8, 8, 8]"
aachen_000051_000019,"[8, 8]"
aachen_000090_000019,"[8, 8]"
aachen_000128_000019,"[8, 8, 8]"
aachen_000119_000019,"[8, 8]"
aachen_000113_000019,"[8, 8, 8]"
aachen_000060_000019,"[8, 8, 8, 8]"
aachen_000166_000019,"[8, 8, 8]"
aachen_000015_000019,"[8, 8]"
aachen_000150_000019,"[8, 8]"
aachen_000023_000019,"[8, 8]"
aachen_000125_000019,"[8, 8]"
aachen_000056_000019,"[8, 8]"
aachen_000097_000019,"[8, 8, 8, 8]"
aachen_000029_000019,"[8, 8, 8]"
aachen_000018_000019,"[8, 8]"
aachen_000114_000019,"[8, 8]"
aachen_000067_000019,"[8, 8, 8, 8, 8]"
aachen_000161_000019,"[8, 8, 8]"
aachen_000012_000019,"[8, 8, 8, 8]"
aachen_000159_000019,"[8, 8, 8, 8, 8, 8]"
aachen_000055_000019,"[8, 8, 8, 8]"
aachen_000126_000019,"[8, 8]"
aachen_000094_000019,"[8, 8, 8]"
aachen_000020_000019,[8]
aachen_000153_000019,"[8, 8, 8]"
aachen_000011_000019,"[8, 8]"
aachen_000162_000019,"[8, 8, 8]"
aachen_000064_000019,"[8, 8, 8, 8]"
aachen_000117_000019,"[8, 8]"
aachen_000168_000019,[8]
aachen_000058_000019,"[8, 8, 8]"
aachen_000099_000019,"[8, 8, 8, 8]"
aachen_000052_000019,"[8, 8]"
aachen_000121_000019,"[8, 8]"
aachen_000093_000019,"[8, 8]"
aachen_000027_000019,"[8, 8]"
aachen_000154_000019,"[8, 8, 8]"
aachen_000016_000019,"[8, 8]"
aachen_000165_000019,[8]
aachen_000063_000019,"[8, 8, 8]"
aachen_000110_000019,"[8, 8]"
aachen_000069_000019,"[8, 8, 8, 8]"
aachen_000068_000019,"[8, 8, 8, 8]"
aachen_000164_000019,"[8, 8]"
aachen_000017_000019,"[8, 8]"
aachen_000111_000019,"[8, 8, 8]"
aachen_000062_000019,"[8, 8, 8, 8, 8, 8, 8]"
aachen_000092_000019,"[8, 8, 8]"
aachen_000120_000019,"[8, 8]"
aachen_000053_000019,"[8, 8]"
aachen_000155_000019,"[8, 8, 8]"
aachen_000026_000019,"[8, 8, 8]"
aachen_000098_000019,"[8, 8, 8]"
aachen_000059_000019,"[8, 8]"
aachen_000169_000019,"[8, 8, 8, 8]"
aachen_000163_000019,[8]
aachen_000010_000019,"[8, 8, 8, 8]"
aachen_000116_000019,[8]
aachen_000065_000019,"[8, 8, 8, 8]"
aachen_000095_000019,"[8, 8, 8, 8]"
aachen_000127_000019,"[8, 8, 8, 8]"
aachen_000054_000019,"[8, 8]"
aachen_000152_000019,[8]
aachen_000021_000019,"[8, 8]"
aachen_000158_000019,"[8, 8]"
aachen_000066_000019,"[8, 8, 8]"
aachen_000115_000019,"[8, 8, 8, 8]"
aachen_000013_000019,[8]
aachen_000160_000019,[8]
aachen_000019_000019,[8]
aachen_000028_000019,"[8, 8]"
aachen_000022_000019,[8]
aachen_000151_000019,"[8, 8]"
aachen_000096_000019,"[8, 8]"
aachen_000057_000019,"[8, 8]"
aachen_000124_000019,"[8, 8]"
aachen_000061_000019,"[8, 8, 8]"
aachen_000112_000019,[8]
aachen_000014_000019,"[8, 8, 8, 8, 8]"
aachen_000167_000019,"[8, 8, 8]"
aachen_000118_000019,"[8, 8]"
aachen_000129_000019,"[8, 8, 8, 8]"
aachen_000025_000019,"[8, 8, 8, 8, 8, 8]"
aachen_000156_000019,[8]
aachen_000091_000019,"[8, 8]"
aachen_000050_000019,"[8, 8, 8, 8, 8]"
aachen_000123_000019,[8]
tubingen_000001_000019,"[8, 8]"
tubingen_000074_000019,"[8, 8]"
tubingen_000107_000019,"[8, 8, 8]"
tubingen_000045_000019,[8]
tubingen_000136_000019,[8]
tubingen_000084_000019,"[8, 8]"
tubingen_000030_000019,"[8, 8]"
tubingen_000143_000019,"[8, 8, 8, 8]"
tubingen_000006_000019,[8]
tubingen_000073_000019,"[8, 8]"
tubingen_000100_000019,"[8, 8]"
tubingen_000079_000019,[]
tubingen_000048_000019,"[8, 8]"
tubingen_000089_000019,"[8, 8, 8]"
tubingen_000042_000019,"[8, 8, 8]"
tubingen_000131_000019,"[8, 8]"
tubingen_000083_000019,"[8, 8, 8, 8]"
tubingen_000037_000019,"[8, 8, 8]"
tubingen_000109_000019,"[8, 8, 8]"
tubingen_000103_000019,[8]
tubingen_000070_000019,"[8, 8, 8, 8]"
tubingen_000005_000019,"[8, 8, 8]"
tubingen_000034_000019,"[8, 8, 8]"
tubingen_000132_000019,[8]
tubingen_000041_000019,"[8, 8]"
tubingen_000080_000019,[]
tubingen_000138_000019,"[8, 8]"
tubingen_000008_000019,"[8, 8]"
tubingen_000104_000019,"[8, 8]"
tubingen_000077_000019,[8]
tubingen_000002_000019,"[8, 8, 8]"
tubingen_000140_000019,"[8, 8]"
tubingen_000033_000019,"[8, 8]"
tubingen_000135_000019,"[8, 8, 8]"
tubingen_000046_000019,"[8, 8, 8]"
tubingen_000087_000019,[8]
tubingen_000039_000019,"[8, 8]"
tubingen_000038_000019,"[8, 8]"
tubingen_000032_000019,"[8, 8, 8]"
tubingen_000141_000019,"[8, 8]"
tubingen_000086_000019,"[8, 8]"
tubingen_000047_000019,"[8, 8]"
tubingen_000134_000019,"[8, 8, 8, 8]"
tubingen_000076_000019,[8]
tubingen_000105_000019,"[8, 8, 8]"
tubingen_000003_000019,"[8, 8]"
tubingen_000009_000019,"[8, 8, 8, 8]"
tubingen_000139_000019,"[8, 8, 8, 8]"
tubingen_000035_000019,[8]
tubingen_000081_000019,"[8, 8, 8, 8]"
tubingen_000040_000019,"[8, 8, 8]"
tubingen_000133_000019,[]
tubingen_000071_000019,"[8, 8]"
tubingen_000102_000019,"[8, 8]"
tubingen_000004_000019,[]
tubingen_000108_000019,"[8, 8, 8]"
tubingen_000082_000019,"[8, 8]"
tubingen_000130_000019,"[8, 8]"
tubingen_000043_000019,[8]
tubingen_000036_000019,"[8, 8]"
tubingen_000088_000019,[8]
tubingen_000049_000019,"[8, 8, 8]"
tubingen_000078_000019,[8]
tubingen_000007_000019,[8]
tubingen_000101_000019,"[8, 8]"
tubingen_000072_000019,"[8, 8]"
tubingen_000085_000019,"[8, 8, 8]"
tubingen_000137_000019,"[8, 8, 8, 8]"
tubingen_000044_000019,"[8, 8]"
tubingen_000142_000019,"[8, 8]"
tubingen_000031_000019,"[8, 8, 8]"
tubingen_000000_000019,"[8, 8]"
tubingen_000106_000019,"[8, 8]"
tubingen_000075_000019,[8]
tubingen_000029_000019,"[8, 8]"
tubingen_000125_000019,"[8, 8]"
tubingen_000056_000019,"[8, 8, 8, 8]"
tubingen_000097_000019,"[8, 8]"
tubingen_000023_000019,"[8, 8, 8]"
tubingen_000012_000019,"[8, 8]"
tubingen_000114_000019,[8]
tubingen_000067_000019,"[8, 8]"
tubingen_000018_000019,"[8, 8]"
tubingen_000128_000019,"[8, 8, 8]"
tubingen_000122_000019,"[8, 8]"
tubingen_000051_000019,[8]
tubingen_000090_000019,"[8, 8]"
tubingen_000024_000019,"[8, 8, 8]"
tubingen_000015_000019,"[8, 8]"
tubingen_000113_000019,"[8, 8]"
tubingen_000060_000019,"[8, 8, 8]"
tubingen_000119_000019,"[8, 8, 8]"
tubingen_000027_000019,"[8, 8]"
tubingen_000052_000019,"[8, 8]"
tubingen_000121_000019,"[8, 8]"
tubingen_000093_000019,"[8, 8]"
tubingen_000058_000019,"[8, 8, 8]"
tubingen_000099_000019,"[8, 8]"
tubingen_000069_000019,"[8, 8]"
tubingen_000063_000019,[]
tubingen_000110_000019,"[8, 8]"
tubingen_000016_000019,"[8, 8, 8]"
tubingen_000020_000019,"[8, 8]"
tubingen_000055_000019,"[8, 8]"
tubingen_000126_000019,"[8, 8]"
tubingen_000094_000019,"[8, 8]"
tubingen_000064_000019,[]
tubingen_000117_000019,"[8, 8]"
tubingen_000011_000019,"[8, 8]"
tubingen_000116_000019,[8]
tubingen_000065_000019,[]
tubingen_000010_000019,"[8, 8, 8, 8, 8, 8]"
tubingen_000021_000019,"[8, 8]"
tubingen_000095_000019,"[8, 8, 8]"
tubingen_000127_000019,[8]
tubingen_000054_000019,"[8, 8]"
tubingen_000111_000019,"[8, 8]"
tubingen_000062_000019,[8]
tubingen_000017_000019,"[8, 8, 8, 8]"
tubingen_000068_000019,"[8, 8]"
tubingen_000098_000019,"[8, 8]"
tubingen_000059_000019,"[8, 8]"
tubingen_000026_000019,"[8, 8]"
tubingen_000092_000019,"[8, 8]"
tubingen_000120_000019,"[8, 8, 8]"
tubingen_000053_000019,[8]
tubingen_000118_000019,[8]
tubingen_000014_000019,[]
tubingen_000061_000019,[8]
tubingen_000112_000019,[8]
tubingen_000091_000019,"[8, 8]"
tubingen_000050_000019,"[8, 8, 8]"
tubingen_000123_000019,"[8, 8]"
tubingen_000025_000019,"[8, 8, 8]"
tubingen_000129_000019,"[8, 8]"
tubingen_000019_000019,"[8, 8]"
tubingen_000013_000019,[]
tubingen_000066_000019,[8]
tubingen_000115_000019,"[8, 8]"
tubingen_000096_000019,"[8, 8, 8]"
tubingen_000057_000019,"[8, 8]"
tubingen_000124_000019,"[8, 8]"
tubingen_000022_000019,"[8, 8, 8]"
tubingen_000028_000019,"[8, 8]"
jena_000030_000019,[8]
jena_000084_000019,"[8, 8, 8]"
jena_000045_000019,"[8, 8, 8, 8]"
jena_000107_000019,"[8, 8, 8]"
jena_000074_000019,"[8, 8, 8]"
jena_000001_000019,"[8, 8, 8]"
jena_000089_000019,"[8, 8]"
jena_000048_000019,"[8, 8, 8, 8, 8]"
jena_000037_000019,"[8, 8, 8]"
jena_000083_000019,[8]
jena_000042_000019,"[8, 8, 8]"
jena_000100_000019,"[8, 8]"
jena_000073_000019,"[8, 8]"
jena_000006_000019,"[8, 8]"
jena_000079_000019,"[8, 8]"
jena_000080_000019,[]
jena_000041_000019,"[8, 8]"
jena_000034_000019,[8]
jena_000109_000019,"[8, 8, 8]"
jena_000005_000019,"[8, 8, 8]"
jena_000070_000019,"[8, 8]"
jena_000103_000019,"[8, 8]"
jena_000087_000019,[]
jena_000046_000019,"[8, 8]"
jena_000033_000019,"[8, 8, 8]"
jena_000039_000019,"[8, 8, 8]"
jena_000008_000019,"[8, 8]"
jena_000002_000019,"[8, 8]"
jena_000077_000019,"[8, 8, 8]"
jena_000104_000019,"[8, 8]"
jena_000003_000019,"[8, 8]"
jena_000105_000019,"[8, 8, 8]"
jena_000076_000019,"[8, 8, 8]"
jena_000009_000019,"[8, 8]"
jena_000038_000019,"[8, 8, 8, 8]"
jena_000047_000019,"[8, 8, 8]"
jena_000086_000019,[]
jena_000032_000019,"[8, 8, 8]"
jena_000004_000019,"[8, 8, 8, 8, 8, 8]"
jena_000102_000019,"[8, 8]"
jena_000071_000019,"[8, 8]"
jena_000108_000019,"[8, 8]"
jena_000040_000019,"[8, 8]"
jena_000081_000019,"[8, 8, 8]"
jena_000035_000019,"[8, 8]"
jena_000078_000019,"[8, 8]"
jena_000072_000019,"[8, 8, 8]"
jena_000101_000019,"[8, 8]"
jena_000007_000019,"[8, 8, 8]"
jena_000036_000019,"[8, 8, 8, 8, 8, 8]"
jena_000043_000019,"[8, 8]"
jena_000082_000019,[8]
jena_000049_000019,"[8, 8, 8, 8]"
jena_000088_000019,[]
jena_000075_000019,[]
jena_000106_000019,"[8, 8]"
jena_000000_000019,"[8, 8, 8, 8]"
jena_000031_000019,"[8, 8]"
jena_000044_000019,"[8, 8, 8, 8]"
jena_000085_000019,[8]
jena_000067_000019,"[8, 8, 8]"
jena_000114_000019,[]
jena_000012_000019,[8]
jena_000018_000019,[8]
jena_000029_000019,"[8, 8, 8]"
jena_000023_000019,"[8, 8, 8, 8, 8]"
jena_000097_000019,"[8, 8, 8, 8]"
jena_000056_000019,"[8, 8]"
jena_000060_000019,"[8, 8]"
jena_000113_000019,[]
jena_000015_000019,"[8, 8, 8, 8, 8]"
jena_000024_000019,"[8, 8]"
jena_000090_000019,"[8, 8, 8]"
jena_000051_000019,"[8, 8, 8]"
jena_000069_000019,"[8, 8]"
jena_000016_000019,"[8, 8]"
jena_000110_000019,"[8, 8, 8, 8]"
jena_000063_000019,"[8, 8]"
jena_000093_000019,"[8, 8, 8]"
jena_000052_000019,"[8, 8, 8, 8]"
jena_000027_000019,"[8, 8]"
jena_000099_000019,"[8, 8]"
jena_000058_000019,[8]
jena_000011_000019,"[8, 8, 8]"
jena_000117_000019,"[8, 8]"
jena_000064_000019,"[8, 8]"
jena_000094_000019,"[8, 8, 8]"
jena_000055_000019,"[8, 8, 8]"
jena_000020_000019,"[8, 8]"
jena_000054_000019,[8]
jena_000095_000019,"[8, 8, 8, 8]"
jena_000021_000019,"[8, 8]"
jena_000010_000019,"[8, 8, 8, 8]"
jena_000065_000019,"[8, 8]"
jena_000116_000019,"[8, 8]"
jena_000059_000019,"[8, 8]"
jena_000098_000019,[8]
jena_000053_000019,"[8, 8]"
jena_000092_000019,"[8, 8, 8, 8]"
jena_000026_000019,"[8, 8, 8]"
jena_000017_000019,"[8, 8, 8]"
jena_000062_000019,"[8, 8]"
jena_000111_000019,"[8, 8]"
jena_000068_000019,"[8, 8]"
jena_000025_000019,"[8, 8, 8, 8, 8]"
jena_000050_000019,"[8, 8, 8, 8]"
jena_000091_000019,"[8, 8]"
jena_000118_000019,"[8, 8, 8]"
jena_000112_000019,[]
jena_000061_000019,"[8, 8]"
jena_000014_000019,[8]
jena_000022_000019,"[8, 8]"
jena_000057_000019,"[8, 8, 8]"
jena_000096_000019,"[8, 8]"
jena_000028_000019,"[8, 8, 8]"
jena_000019_000019,"[8, 8, 8]"
jena_000115_000019,[]
jena_000066_000019,"[8, 8, 8]"
jena_000013_000019,[8]
bochum_000000_013209,"[8, 8]"
bochum_000000_027699,"[8, 8, 8, 8, 8, 8, 8]"
bochum_000000_003674,"[8, 8]"
bochum_000000_005936,"[8, 8]"
bochum_000000_016125,[8]
bochum_000000_023435,[]
bochum_000000_004229,"[8, 8, 8]"
bochum_000000_028764,[]
bochum_000000_020673,"[8, 8, 8]"
bochum_000000_011255,[8]
bochum_000000_022414,"[8, 8, 8, 8]"
bochum_000000_031477,"[8, 8]"
bochum_000000_037039,"[8, 8, 8, 8, 8]"
bochum_000000_006484,"[8, 8]"
bochum_000000_021070,"[8, 8, 8, 8]"
bochum_000000_023040,"[8, 8]"
bochum_000000_018195,[8]
bochum_000000_029721,"[8, 8]"
bochum_000000_007950,"[8, 8]"
bochum_000000_008162,"[8, 8]"
bochum_000000_038150,"[8, 8, 8]"
bochum_000000_038022,"[8, 8]"
bochum_000000_033056,"[8, 8, 8]"
bochum_000000_032169,"[8, 8]"
bochum_000000_030913,[8]
bochum_000000_008804,"[8, 8, 8]"
bochum_000000_020899,"[8, 8, 8, 8, 8]"
bochum_000000_000600,"[8, 8, 8]"
bochum_000000_023174,"[8, 8]"
bochum_000000_010562,"[8, 8, 8, 8]"
bochum_000000_017453,"[8, 8, 8]"
bochum_000000_016758,"[8, 8, 8]"
bochum_000000_031687,"[8, 8, 8, 8, 8]"
bochum_000000_008448,"[8, 8, 8, 8]"
bochum_000000_021479,"[8, 8, 8, 8]"
bochum_000000_031152,"[8, 8, 8]"
bochum_000000_025746,"[8, 8]"
bochum_000000_019188,"[8, 8, 8]"
bochum_000000_027951,"[8, 8, 8, 8, 8]"
bochum_000000_026634,"[8, 8]"
bochum_000000_009554,[8]
bochum_000000_031922,"[8, 8]"
bochum_000000_015880,"[8, 8, 8]"
bochum_000000_010700,"[8, 8]"
bochum_000000_001097,"[8, 8, 8, 8]"
bochum_000000_029203,[8]
bochum_000000_036606,"[8, 8]"
bochum_000000_009951,"[8, 8, 8, 8, 8]"
bochum_000000_023648,"[8, 8, 8]"
bochum_000000_024196,"[8, 8, 8, 8, 8]"
bochum_000000_024343,"[8, 8]"
bochum_000000_006746,"[8, 8, 8]"
bochum_000000_026056,"[8, 8]"
bochum_000000_005537,"[8, 8, 8]"
bochum_000000_015038,"[8, 8]"
bochum_000000_006026,"[8, 8, 8, 8]"
bochum_000000_003245,"[8, 8, 8]"
bochum_000000_002293,"[8, 8, 8, 8]"
bochum_000000_021393,"[8, 8, 8, 8, 8]"
bochum_000000_004032,"[8, 8, 8]"
bochum_000000_033714,"[8, 8]"
bochum_000000_024524,"[8, 8]"
bochum_000000_028297,"[8, 8]"
bochum_000000_002562,"[8, 8, 8]"
bochum_000000_024717,"[8, 8]"
bochum_000000_013705,"[8, 8, 8]"
bochum_000000_016260,"[8, 8]"
bochum_000000_011711,"[8, 8, 8, 8]"
bochum_000000_016591,"[8, 8, 8]"
bochum_000000_033531,"[8, 8, 8]"
bochum_000000_000313,"[8, 8]"
bochum_000000_001828,"[8, 8, 8, 8, 8]"
bochum_000000_037829,"[8, 8, 8]"
bochum_000000_014658,"[8, 8]"
bochum_000000_033331,"[8, 8]"
bochum_000000_037223,[8]
bochum_000000_025833,"[8, 8, 8]"
bochum_000000_001519,"[8, 8, 8]"
bochum_000000_021325,"[8, 8, 8, 8]"
bochum_000000_035958,"[8, 8, 8]"
bochum_000000_020776,"[8, 8, 8, 8]"
bochum_000000_015645,"[8, 8]"
bochum_000000_007651,"[8, 8, 8]"
bochum_000000_000885,"[8, 8, 8, 8]"
bochum_000000_024855,"[8, 8]"
bochum_000000_004748,"[8, 8]"
bochum_000000_014803,"[8, 8]"
bochum_000000_021606,"[8, 8, 8]"
bochum_000000_014332,"[8, 8]"
bochum_000000_015321,[8]
bochum_000000_027057,"[8, 8]"
bochum_000000_017216,"[8, 8, 8, 8]"
bochum_000000_034936,"[8, 8, 8, 8]"
bochum_000000_007150,"[8, 8, 8, 8, 8]"
bochum_000000_022210,"[8, 8, 8, 8]"
bochum_000000_003005,"[8, 8]"
darmstadt_000022_000019,"[8, 8, 8]"
darmstadt_000057_000019,"[8, 8, 8, 8]"
darmstadt_000028_000019,[]
darmstadt_000019_000019,"[8, 8]"
darmstadt_000066_000019,"[8, 8]"
darmstadt_000013_000019,"[8, 8, 8]"
darmstadt_000025_000019,"[8, 8, 8]"
darmstadt_000050_000019,"[8, 8, 8]"
darmstadt_000061_000019,[8]
darmstadt_000014_000019,[]
darmstadt_000059_000019,[8]
darmstadt_000053_000019,"[8, 8, 8, 8, 8, 8]"
darmstadt_000026_000019,"[8, 8]"
darmstadt_000017_000019,"[8, 8]"
darmstadt_000062_000019,"[8, 8]"
darmstadt_000068_000019,[8]
darmstadt_000054_000019,"[8, 8]"
darmstadt_000021_000019,"[8, 8, 8, 8]"
darmstadt_000010_000019,"[8, 8]"
darmstadt_000065_000019,"[8, 8, 8, 8]"
darmstadt_000011_000019,[8]
darmstadt_000064_000019,"[8, 8, 8]"
darmstadt_000055_000019,"[8, 8, 8]"
darmstadt_000020_000019,"[8, 8]"
darmstadt_000069_000019,"[8, 8]"
darmstadt_000016_000019,"[8, 8, 8, 8]"
darmstadt_000063_000019,"[8, 8]"
darmstadt_000052_000019,"[8, 8, 8]"
darmstadt_000027_000019,[8]
darmstadt_000058_000019,[]
darmstadt_000060_000019,"[8, 8, 8]"
darmstadt_000015_000019,"[8, 8, 8]"
darmstadt_000024_000019,"[8, 8]"
darmstadt_000051_000019,[8]
darmstadt_000067_000019,[8]
darmstadt_000012_000019,[]
darmstadt_000018_000019,"[8, 8]"
darmstadt_000029_000019,[]
darmstadt_000023_000019,"[8, 8, 8]"
darmstadt_000056_000019,"[8, 8, 8]"
darmstadt_000075_000019,"[8, 8]"
darmstadt_000000_000019,"[8, 8]"
darmstadt_000031_000019,"[8, 8]"
darmstadt_000044_000019,"[8, 8, 8, 8]"
darmstadt_000078_000019,[8]
darmstadt_000072_000019,[]
darmstadt_000007_000019,"[8, 8]"
darmstadt_000036_000019,"[8, 8, 8]"
darmstadt_000082_000019,"[8, 8, 8, 8, 8]"
darmstadt_000043_000019,"[8, 8, 8]"
darmstadt_000049_000019,"[8, 8, 8]"
darmstadt_000004_000019,"[8, 8, 8, 8, 8]"
darmstadt_000071_000019,[]
darmstadt_000081_000019,"[8, 8, 8, 8]"
darmstadt_000040_000019,"[8, 8]"
darmstadt_000035_000019,"[8, 8]"
darmstadt_000003_000019,"[8, 8]"
darmstadt_000076_000019,"[8, 8]"
darmstadt_000009_000019,"[8, 8, 8, 8]"
darmstadt_000038_000019,"[8, 8]"
darmstadt_000047_000019,"[8, 8]"
darmstadt_000032_000019,"[8, 8]"
darmstadt_000046_000019,"[8, 8, 8]"
darmstadt_000033_000019,"[8, 8, 8]"
darmstadt_000039_000019,"[8, 8]"
darmstadt_000008_000019,[]
darmstadt_000002_000019,"[8, 8]"
darmstadt_000077_000019,"[8, 8, 8]"
darmstadt_000041_000019,"[8, 8, 8]"
darmstadt_000080_000019,"[8, 8, 8, 8]"
darmstadt_000034_000019,[]
darmstadt_000005_000019,"[8, 8, 8, 8, 8]"
darmstadt_000070_000019,[8]
darmstadt_000048_000019,"[8, 8, 8]"
darmstadt_000037_000019,"[8, 8]"
darmstadt_000042_000019,"[8, 8, 8]"
darmstadt_000083_000019,[8]
darmstadt_000073_000019,[8]
darmstadt_000006_000019,"[8, 8]"
darmstadt_000079_000019,"[8, 8]"
darmstadt_000030_000019,[]
darmstadt_000045_000019,"[8, 8, 8, 8, 8, 8]"
darmstadt_000084_000019,"[8, 8]"
darmstadt_000074_000019,"[8, 8, 8]"
darmstadt_000001_000019,"[8, 8, 8]"
dusseldorf_000220_000019,"[8, 8]"
dusseldorf_000174_000019,"[8, 8]"
dusseldorf_000007_000019,[]
dusseldorf_000101_000019,"[8, 8, 8]"
dusseldorf_000072_000019,"[8, 8]"
dusseldorf_000078_000019,"[8, 8, 8]"
dusseldorf_000049_000019,"[8, 8]"
dusseldorf_000088_000019,[8]
dusseldorf_000130_000019,[8]
dusseldorf_000043_000019,[8]
dusseldorf_000082_000019,"[8, 8]"
dusseldorf_000211_000019,"[8, 8, 8]"
dusseldorf_000184_000019,"[8, 8]"
dusseldorf_000145_000019,"[8, 8, 8, 8, 8]"
dusseldorf_000036_000019,"[8, 8, 8]"
dusseldorf_000173_000019,"[8, 8]"
dusseldorf_000000_000019,[8]
dusseldorf_000106_000019,"[8, 8]"
dusseldorf_000075_000019,"[8, 8, 8, 8, 8, 8]"
dusseldorf_000179_000019,"[8, 8, 8, 8]"
dusseldorf_000189_000019,"[8, 8]"
dusseldorf_000148_000019,"[8, 8, 8, 8, 8]"
dusseldorf_000137_000019,[8]
dusseldorf_000044_000019,"[8, 8, 8]"
dusseldorf_000085_000019,"[8, 8]"
dusseldorf_000216_000019,"[8, 8]"
dusseldorf_000183_000019,"[8, 8]"
dusseldorf_000142_000019,"[8, 8]"
dusseldorf_000031_000019,[8]
dusseldorf_000009_000019,"[8, 8]"
dusseldorf_000076_000019,"[8, 8, 8]"
dusseldorf_000105_000019,[8]
dusseldorf_000003_000019,"[8, 8, 8]"
dusseldorf_000170_000019,"[8, 8]"
dusseldorf_000215_000019,"[8, 8, 8, 8, 8]"
dusseldorf_000180_000019,"[8, 8, 8, 8]"
dusseldorf_000032_000019,"[8, 8, 8]"
dusseldorf_000141_000019,"[8, 8, 8, 8, 8]"
dusseldorf_000047_000019,"[8, 8, 8]"
dusseldorf_000134_000019,[]
dusseldorf_000086_000019,"[8, 8, 8]"
dusseldorf_000038_000019,"[8, 8, 8]"
dusseldorf_000108_000019,[8]
dusseldorf_000071_000019,"[8, 8]"
dusseldorf_000102_000019,"[8, 8]"
dusseldorf_000004_000019,"[8, 8, 8]"
dusseldorf_000177_000019,"[8, 8, 8]"
dusseldorf_000212_000019,"[8, 8]"
dusseldorf_000187_000019,"[8, 8]"
dusseldorf_000035_000019,"[8, 8, 8, 8]"
dusseldorf_000146_000019,"[8, 8, 8]"
dusseldorf_000040_000019,"[8, 8, 8, 8]"
dusseldorf_000133_000019,[8]
dusseldorf_000081_000019,"[8, 8, 8, 8, 8]"
dusseldorf_000139_000019,"[8, 8, 8, 8]"
dusseldorf_000218_000019,"[8, 8, 8, 8]"
dusseldorf_000138_000019,"[8, 8, 8, 8]"
dusseldorf_000219_000019,"[8, 8, 8]"
dusseldorf_000147_000019,[8]
dusseldorf_000034_000019,"[8, 8, 8]"
dusseldorf_000186_000019,[8]
dusseldorf_000213_000019,[8]
dusseldorf_000080_000019,"[8, 8, 8, 8]"
dusseldorf_000132_000019,[8]
dusseldorf_000041_000019,"[8, 8]"
dusseldorf_000103_000019,"[8, 8]"
dusseldorf_000070_000019,[8]
dusseldorf_000176_000019,"[8, 8, 8, 8, 8]"
dusseldorf_000005_000019,"[8, 8, 8, 8, 8]"
dusseldorf_000109_000019,"[8, 8]"
dusseldorf_000039_000019,"[8, 8, 8, 8]"
dusseldorf_000140_000019,[]
dusseldorf_000033_000019,"[8, 8]"
dusseldorf_000181_000019,"[8, 8]"
dusseldorf_000214_000019,"[8, 8]"
dusseldorf_000087_000019,"[8, 8]"
dusseldorf_000135_000019,[]
dusseldorf_000046_000019,[8]
dusseldorf_000104_000019,[8]
dusseldorf_000077_000019,"[8, 8]"
dusseldorf_000171_000019,[]
dusseldorf_000002_000019,"[8, 8, 8]"
dusseldorf_000008_000019,"[8, 8, 8]"
dusseldorf_000084_000019,"[8, 8, 8, 8, 8]"
dusseldorf_000045_000019,"[8, 8, 8]"
dusseldorf_000136_000019,[8]
dusseldorf_000030_000019,"[8, 8, 8, 8, 8, 8, 8]"
dusseldorf_000143_000019,"[8, 8]"
dusseldorf_000182_000019,[8]
dusseldorf_000217_000019,"[8, 8]"
dusseldorf_000149_000019,"[8, 8, 8, 8, 8]"
dusseldorf_000188_000019,"[8, 8]"
dusseldorf_000178_000019,"[8, 8, 8, 8]"
dusseldorf_000001_000019,[]
dusseldorf_000172_000019,"[8, 8, 8]"
dusseldorf_000074_000019,"[8, 8, 8]"
dusseldorf_000107_000019,"[8, 8]"
dusseldorf_000083_000019,"[8, 8, 8, 8]"
dusseldorf_000042_000019,[8]
dusseldorf_000131_000019,"[8, 8, 8]"
dusseldorf_000037_000019,"[8, 8, 8]"
dusseldorf_000144_000019,"[8, 8, 8]"
dusseldorf_000185_000019,"[8, 8, 8]"
dusseldorf_000210_000019,"[8, 8, 8]"
dusseldorf_000089_000019,"[8, 8, 8, 8]"
dusseldorf_000048_000019,[8]
dusseldorf_000079_000019,"[8, 8, 8]"
dusseldorf_000006_000019,"[8, 8, 8]"
dusseldorf_000175_000019,[8]
dusseldorf_000073_000019,"[8, 8, 8, 8]"
dusseldorf_000100_000019,[8]
dusseldorf_000208_000019,"[8, 8, 8, 8, 8]"
dusseldorf_000129_000019,"[8, 8, 8, 8, 8]"
dusseldorf_000050_000019,"[8, 8, 8]"
dusseldorf_000123_000019,"[8, 8, 8]"
dusseldorf_000091_000019,"[8, 8, 8, 8, 8, 8, 8, 8]"
dusseldorf_000197_000019,"[8, 8, 8, 8]"
dusseldorf_000202_000019,"[8, 8, 8, 8, 8, 8, 8]"
dusseldorf_000025_000019,"[8, 8, 8, 8, 8, 8, 8]"
dusseldorf_000156_000019,"[8, 8, 8]"
dusseldorf_000014_000019,"[8, 8]"
dusseldorf_000167_000019,[8]
dusseldorf_000061_000019,"[8, 8, 8]"
dusseldorf_000112_000019,"[8, 8, 8, 8]"
dusseldorf_000118_000019,[8]
dusseldorf_000028_000019,"[8, 8, 8]"
dusseldorf_000057_000019,"[8, 8, 8]"
dusseldorf_000124_000019,"[8, 8]"
dusseldorf_000096_000019,"[8, 8, 8]"
dusseldorf_000190_000019,[8]
dusseldorf_000205_000019,[8]
dusseldorf_000022_000019,"[8, 8, 8]"
dusseldorf_000151_000019,"[8, 8, 8]"
dusseldorf_000013_000019,"[8, 8]"
dusseldorf_000160_000019,"[8, 8]"
dusseldorf_000066_000019,[8]
dusseldorf_000115_000019,"[8, 8, 8, 8]"
dusseldorf_000019_000019,[8]
dusseldorf_000193_000019,"[8, 8, 8, 8, 8, 8, 8]"
dusseldorf_000206_000019,"[8, 8, 8, 8]"
dusseldorf_000152_000019,"[8, 8, 8, 8]"
dusseldorf_000021_000019,[8]
dusseldorf_000127_000019,[8]
dusseldorf_000054_000019,[8]
dusseldorf_000095_000019,[]
dusseldorf_000199_000019,"[8, 8, 8, 8, 8]"
dusseldorf_000158_000019,[8]
dusseldorf_000169_000019,[8]
dusseldorf_000116_000019,"[8, 8]"
dusseldorf_000065_000019,"[8, 8, 8, 8]"
dusseldorf_000163_000019,"[8, 8]"
dusseldorf_000010_000019,"[8, 8, 8, 8]"
dusseldorf_000194_000019,"[8, 8]"
dusseldorf_000201_000019,"[8, 8]"
dusseldorf_000155_000019,[]
dusseldorf_000026_000019,"[8, 8, 8, 8, 8]"
dusseldorf_000120_000019,"[8, 8]"
dusseldorf_000053_000019,"[8, 8]"
dusseldorf_000092_000019,"[8, 8]"
dusseldorf_000059_000019,[8]
dusseldorf_000098_000019,"[8, 8, 8]"
dusseldorf_000068_000019,"[8, 8]"
dusseldorf_000111_000019,[8]
dusseldorf_000062_000019,"[8, 8, 8, 8, 8]"
dusseldorf_000164_000019,"[8, 8, 8]"
dusseldorf_000017_000019,"[8, 8, 8, 8, 8]"
dusseldorf_000063_000019,[]
dusseldorf_000110_000019,[]
dusseldorf_000016_000019,"[8, 8]"
dusseldorf_000165_000019,"[8, 8]"
dusseldorf_000069_000019,"[8, 8]"
dusseldorf_000099_000019,"[8, 8]"
dusseldorf_000058_000019,"[8, 8, 8]"
dusseldorf_000027_000019,"[8, 8, 8]"
dusseldorf_000154_000019,"[8, 8]"
dusseldorf_000200_000019,"[8, 8, 8, 8, 8]"
dusseldorf_000195_000019,"[8, 8, 8, 8]"
dusseldorf_000093_000019,"[8, 8]"
dusseldorf_000052_000019,"[8, 8, 8]"
dusseldorf_000121_000019,"[8, 8, 8, 8, 8]"
dusseldorf_000064_000019,"[8, 8]"
dusseldorf_000117_000019,"[8, 8]"
dusseldorf_000011_000019,"[8, 8, 8, 8]"
dusseldorf_000162_000019,"[8, 8]"
dusseldorf_000168_000019,"[8, 8, 8, 8]"
dusseldorf_000159_000019,"[8, 8, 8]"
dusseldorf_000198_000019,"[8, 8, 8, 8]"
dusseldorf_000020_000019,"[8, 8, 8, 8, 8]"
dusseldorf_000153_000019,"[8, 8, 8, 8]"
dusseldorf_000207_000019,"[8, 8]"
dusseldorf_000192_000019,"[8, 8, 8]"
dusseldorf_000094_000019,"[8, 8, 8]"
dusseldorf_000055_000019,"[8, 8, 8]"
dusseldorf_000126_000019,[8]
dusseldorf_000018_000019,"[8, 8, 8]"
dusseldorf_000161_000019,[8]
dusseldorf_000012_000019,"[8, 8, 8]"
dusseldorf_000114_000019,"[8, 8]"
dusseldorf_000067_000019,"[8, 8, 8]"
dusseldorf_000097_000019,"[8, 8, 8, 8]"
dusseldorf_000125_000019,"[8, 8]"
dusseldorf_000056_000019,[]
dusseldorf_000150_000019,"[8, 8, 8, 8, 8]"
dusseldorf_000023_000019,[8]
dusseldorf_000204_000019,"[8, 8, 8]"
dusseldorf_000191_000019,"[8, 8, 8]"
dusseldorf_000029_000019,"[8, 8, 8, 8]"
dusseldorf_000119_000019,"[8, 8]"
dusseldorf_000166_000019,[8]
dusseldorf_000015_000019,"[8, 8]"
dusseldorf_000113_000019,"[8, 8, 8]"
dusseldorf_000060_000019,"[8, 8, 8, 8]"
dusseldorf_000090_000019,"[8, 8, 8, 8, 8, 8]"
dusseldorf_000122_000019,"[8, 8, 8]"
dusseldorf_000051_000019,"[8, 8]"
dusseldorf_000157_000019,"[8, 8]"
dusseldorf_000024_000019,"[8, 8, 8, 8]"
dusseldorf_000203_000019,"[8, 8, 8]"
dusseldorf_000196_000019,"[8, 8]"
dusseldorf_000209_000019,"[8, 8, 8, 8, 8]"
dusseldorf_000128_000019,[8]
hamburg_000000_061790,[8]
hamburg_000000_105123,"[8, 8]"
hamburg_000000_073758,"[8, 8, 8, 8]"
hamburg_000000_037036,"[8, 8, 8]"
hamburg_000000_028608,"[8, 8, 8]"
hamburg_000000_026675,[8]
hamburg_000000_020563,[8]
hamburg_000000_038446,"[8, 8]"
hamburg_000000_092476,"[8, 8]"
hamburg_000000_046510,"[8, 8]"
hamburg_000000_062371,"[8, 8]"
hamburg_000000_057678,[8]
hamburg_000000_053563,"[8, 8]"
hamburg_000000_042885,"[8, 8, 8, 8, 8]"
hamburg_000000_091155,"[8, 8]"
hamburg_000000_042505,"[8, 8]"
hamburg_000000_038915,"[8, 8]"
hamburg_000000_105464,[8]
hamburg_000000_029378,"[8, 8]"
hamburg_000000_070334,[8]
hamburg_000000_054555,"[8, 8, 8]"
hamburg_000000_018592,"[8, 8]"
hamburg_000000_006192,[8]
hamburg_000000_027857,"[8, 8]"
hamburg_000000_039420,[8]
hamburg_000000_099368,[]
hamburg_000000_062964,"[8, 8, 8]"
hamburg_000000_077642,[8]
hamburg_000000_096063,"[8, 8, 8, 8, 8]"
hamburg_000000_041667,[]
hamburg_000000_088783,"[8, 8]"
hamburg_000000_098400,"[8, 8]"
hamburg_000000_054850,"[8, 8]"
hamburg_000000_103541,[8]
hamburg_000000_089491,"[8, 8]"
hamburg_000000_068693,"[8, 8, 8]"
hamburg_000000_092850,[8]
hamburg_000000_064825,"[8, 8, 8]"
hamburg_000000_007737,"[8, 8]"
hamburg_000000_046619,[8]
hamburg_000000_074139,"[8, 8]"
hamburg_000000_077144,"[8, 8, 8]"
hamburg_000000_081299,"[8, 8, 8, 8]"
hamburg_000000_064269,"[8, 8, 8]"
hamburg_000000_019892,"[8, 8, 8, 8]"
hamburg_000000_029144,"[8, 8]"
hamburg_000000_067799,"[8, 8, 8]"
hamburg_000000_023472,[]
hamburg_000000_025986,[8]
hamburg_000000_030953,"[8, 8, 8]"
hamburg_000000_067338,[8]
hamburg_000000_016928,"[8, 8, 8]"
hamburg_000000_048960,"[8, 8]"
hamburg_000000_100300,"[8, 8]"
hamburg_000000_073999,[8]
hamburg_000000_065843,"[8, 8]"
hamburg_000000_016447,"[8, 8]"
hamburg_000000_048494,"[8, 8]"
hamburg_000000_074545,[8]
hamburg_000000_043944,"[8, 8]"
hamburg_000000_059720,"[8, 8]"
hamburg_000000_091900,[8]
hamburg_000000_069096,"[8, 8, 8]"
hamburg_000000_102379,"[8, 8, 8]"
hamburg_000000_076966,"[8, 8]"
hamburg_000000_067587,[8]
hamburg_000000_074267,"[8, 8]"
hamburg_000000_091038,"[8, 8, 8]"
hamburg_000000_006322,"[8, 8]"
hamburg_000000_080878,"[8, 8]"
hamburg_000000_105724,"[8, 8, 8, 8]"
hamburg_000000_025802,"[8, 8]"
hamburg_000000_002338,"[8, 8, 8, 8]"
hamburg_000000_021353,"[8, 8, 8]"
hamburg_000000_087822,"[8, 8, 8, 8]"
hamburg_000000_079376,"[8, 8]"
hamburg_000000_066706,"[8, 8]"
hamburg_000000_048750,"[8, 8]"
hamburg_000000_073672,"[8, 8, 8]"
hamburg_000000_066988,[8]
hamburg_000000_093572,"[8, 8, 8]"
hamburg_000000_069289,[8]
hamburg_000000_096624,"[8, 8, 8]"
hamburg_000000_047390,"[8, 8, 8, 8, 8]"
hamburg_000000_078842,[8]
hamburg_000000_032460,[8]
hamburg_000000_019760,"[8, 8, 8]"
hamburg_000000_054220,"[8, 8]"
hamburg_000000_054029,"[8, 8, 8]"
hamburg_000000_003904,[8]
hamburg_000000_089696,"[8, 8]"
hamburg_000000_018878,[8]
hamburg_000000_082187,[8]
hamburg_000000_097086,"[8, 8, 8]"
hamburg_000000_015350,"[8, 8, 8, 8, 8]"
hamburg_000000_085073,"[8, 8]"
hamburg_000000_080674,"[8, 8]"
hamburg_000000_053886,"[8, 8]"
hamburg_000000_037279,"[8, 8]"
hamburg_000000_069177,[8]
hamburg_000000_038511,"[8, 8]"
hamburg_000000_047220,"[8, 8]"
hamburg_000000_104857,"[8, 8, 8]"
hamburg_000000_033506,"[8, 8]"
hamburg_000000_093325,[8]
hamburg_000000_032906,"[8, 8]"
hamburg_000000_004985,"[8, 8]"
hamburg_000000_061468,"[8, 8, 8]"
hamburg_000000_073549,[]
hamburg_000000_037161,"[8, 8]"
hamburg_000000_014940,"[8, 8, 8]"
hamburg_000000_076392,[]
hamburg_000000_008494,"[8, 8, 8]"
hamburg_000000_056508,"[8, 8]"
hamburg_000000_084865,[8]
hamburg_000000_001613,[8]
hamburg_000000_027304,"[8, 8, 8]"
hamburg_000000_104428,[8]
hamburg_000000_057816,"[8, 8, 8]"
hamburg_000000_062039,[8]
hamburg_000000_098616,[8]
hamburg_000000_020211,"[8, 8, 8]"
hamburg_000000_014030,"[8, 8, 8]"
hamburg_000000_078407,[8]
hamburg_000000_057487,"[8, 8, 8, 8]"
hamburg_000000_088939,"[8, 8]"
hamburg_000000_059339,"[8, 8]"
hamburg_000000_029676,"[8, 8, 8, 8]"
hamburg_000000_032266,[8]
hamburg_000000_066424,[]
hamburg_000000_103075,[8]
hamburg_000000_028056,"[8, 8, 8]"
hamburg_000000_088983,"[8, 8]"
hamburg_000000_105296,"[8, 8]"
hamburg_000000_019373,"[8, 8, 8]"
hamburg_000000_085321,"[8, 8]"
hamburg_000000_071150,"[8, 8, 8]"
hamburg_000000_037741,[8]
hamburg_000000_031971,"[8, 8, 8, 8, 8]"
hamburg_000000_082301,"[8, 8]"
hamburg_000000_053086,"[8, 8]"
hamburg_000000_088197,"[8, 8, 8]"
hamburg_000000_052122,"[8, 8]"
hamburg_000000_055414,"[8, 8, 8]"
hamburg_000000_051855,[8]
hamburg_000000_090398,[8]
hamburg_000000_080169,"[8, 8, 8, 8]"
hamburg_000000_063403,"[8, 8, 8, 8]"
hamburg_000000_080438,"[8, 8, 8]"
hamburg_000000_001106,[8]
hamburg_000000_052904,"[8, 8, 8]"
hamburg_000000_087216,"[8, 8]"
hamburg_000000_032719,[8]
hamburg_000000_058591,"[8, 8, 8]"
hamburg_000000_099109,"[8, 8]"
hamburg_000000_046078,"[8, 8]"
hamburg_000000_103367,"[8, 8, 8]"
hamburg_000000_065604,"[8, 8, 8, 8, 8, 8]"
hamburg_000000_068916,"[8, 8, 8, 8]"
hamburg_000000_103856,"[8, 8, 8]"
hamburg_000000_085645,"[8, 8, 8]"
hamburg_000000_070444,[8]
hamburg_000000_044996,"[8, 8]"
hamburg_000000_002095,"[8, 8, 8, 8]"
hamburg_000000_046872,"[8, 8]"
hamburg_000000_079657,[]
hamburg_000000_000629,[8]
hamburg_000000_005639,[]
hamburg_000000_050160,"[8, 8, 8, 8]"
hamburg_000000_045704,"[8, 8, 8]"
hamburg_000000_055894,"[8, 8]"
hamburg_000000_098862,"[8, 8]"
hamburg_000000_044400,[]
hamburg_000000_045437,"[8, 8]"
hamburg_000000_053486,"[8, 8]"
hamburg_000000_045908,"[8, 8, 8]"
hamburg_000000_071675,"[8, 8]"
hamburg_000000_060586,"[8, 8]"
hamburg_000000_047108,[8]
hamburg_000000_046566,"[8, 8]"
hamburg_000000_048138,"[8, 8]"
hamburg_000000_073314,"[8, 8]"
hamburg_000000_099902,"[8, 8, 8, 8, 8]"
hamburg_000000_021961,"[8, 8]"
hamburg_000000_049558,"[8, 8, 8, 8]"
hamburg_000000_106102,"[8, 8, 8]"
hamburg_000000_039546,"[8, 8, 8]"
hamburg_000000_071016,"[8, 8, 8, 8]"
hamburg_000000_039264,"[8, 8, 8]"
hamburg_000000_061048,"[8, 8, 8]"
hamburg_000000_011641,"[8, 8, 8, 8]"
hamburg_000000_084746,"[8, 8]"
hamburg_000000_056229,"[8, 8, 8]"
hamburg_000000_095561,"[8, 8, 8, 8]"
hamburg_000000_074425,"[8, 8]"
hamburg_000000_034049,"[8, 8, 8, 8]"
hamburg_000000_083696,"[8, 8]"
hamburg_000000_093787,[8]
hamburg_000000_035568,"[8, 8, 8, 8]"
hamburg_000000_060215,[8]
hamburg_000000_085413,[]
hamburg_000000_036003,"[8, 8, 8, 8]"
hamburg_000000_088627,[8]
hamburg_000000_078579,"[8, 8]"
hamburg_000000_022524,"[8, 8]"
hamburg_000000_036527,"[8, 8, 8]"
hamburg_000000_047157,[]
hamburg_000000_044251,[8]
hamburg_000000_069417,"[8, 8, 8, 8]"
hamburg_000000_044747,[8]
hamburg_000000_071942,[]
hamburg_000000_038729,"[8, 8]"
hamburg_000000_063698,"[8, 8, 8, 8]"
hamburg_000000_098061,"[8, 8, 8]"
hamburg_000000_077756,"[8, 8]"
hamburg_000000_103186,"[8, 8]"
hamburg_000000_040021,"[8, 8]"
hamburg_000000_094717,"[8, 8]"
hamburg_000000_086636,[8]
hamburg_000000_086499,[8]
hamburg_000000_067223,[]
hamburg_000000_065983,[8]
hamburg_000000_003488,[8]
hamburg_000000_073389,"[8, 8, 8]"
hamburg_000000_102574,"[8, 8, 8, 8]"
hamburg_000000_083586,"[8, 8]"
hamburg_000000_085982,"[8, 8, 8]"
hamburg_000000_024251,"[8, 8, 8, 8, 8, 8]"
hamburg_000000_016691,[8]
hamburg_000000_101724,[8]
hamburg_000000_094185,"[8, 8]"
hamburg_000000_036427,"[8, 8]"
hamburg_000000_028439,"[8, 8, 8, 8, 8, 8, 8]"
hamburg_000000_097447,"[8, 8]"
hamburg_000000_055039,"[8, 8, 8]"
hamburg_000000_077927,"[8, 8]"
hamburg_000000_047057,"[8, 8]"
hamburg_000000_053776,[8]
hamburg_000000_074694,"[8, 8, 8, 8]"
hamburg_000000_088054,"[8, 8]"
hamburg_000000_090742,"[8, 8]"
hamburg_000000_060907,"[8, 8, 8]"
hamburg_000000_000042,"[8, 8]"
hamburg_000000_030279,"[8, 8, 8, 8, 8, 8]"
hamburg_000000_013577,"[8, 8, 8, 8]"
hamburg_000000_008221,"[8, 8, 8]"
hamburg_000000_062710,"[8, 8, 8]"
hamburg_000000_065055,"[8, 8, 8, 8]"
cologne_000050_000019,[8]
cologne_000123_000019,[8]
cologne_000091_000019,[8]
cologne_000025_000019,[]
cologne_000129_000019,"[8, 8, 8, 8]"
cologne_000118_000019,"[8, 8]"
cologne_000014_000019,[8]
cologne_000061_000019,[8]
cologne_000112_000019,"[8, 8]"
cologne_000057_000019,"[8, 8]"
cologne_000124_000019,"[8, 8]"
cologne_000096_000019,"[8, 8]"
cologne_000022_000019,"[8, 8]"
cologne_000151_000019,[8]
cologne_000028_000019,"[8, 8, 8]"
cologne_000019_000019,"[8, 8]"
cologne_000013_000019,[8]
cologne_000066_000019,"[8, 8, 8]"
cologne_000115_000019,"[8, 8]"
cologne_000152_000019,[8]
cologne_000021_000019,[8]
cologne_000127_000019,"[8, 8, 8, 8]"
cologne_000054_000019,"[8, 8]"
cologne_000095_000019,"[8, 8]"
cologne_000116_000019,"[8, 8, 8, 8]"
cologne_000065_000019,"[8, 8]"
cologne_000010_000019,[8]
cologne_000059_000019,[]
cologne_000098_000019,[]
cologne_000026_000019,"[8, 8, 8, 8]"
cologne_000120_000019,"[8, 8, 8, 8, 8]"
cologne_000053_000019,"[8, 8]"
cologne_000092_000019,"[8, 8]"
cologne_000111_000019,"[8, 8, 8]"
cologne_000062_000019,[8]
cologne_000017_000019,"[8, 8]"
cologne_000068_000019,"[8, 8, 8, 8]"
cologne_000069_000019,"[8, 8, 8]"
cologne_000063_000019,[]
cologne_000110_000019,[]
cologne_000016_000019,"[8, 8]"
cologne_000027_000019,"[8, 8]"
cologne_000093_000019,[8]
cologne_000052_000019,"[8, 8, 8]"
cologne_000121_000019,"[8, 8, 8]"
cologne_000099_000019,"[8, 8]"
cologne_000058_000019,[8]
cologne_000064_000019,"[8, 8, 8]"
cologne_000117_000019,"[8, 8]"
cologne_000011_000019,"[8, 8, 8]"
cologne_000020_000019,"[8, 8, 8, 8]"
cologne_000153_000019,[]
cologne_000094_000019,"[8, 8]"
cologne_000055_000019,"[8, 8]"
cologne_000126_000019,"[8, 8]"
cologne_000012_000019,[8]
cologne_000114_000019,"[8, 8]"
cologne_000067_000019,"[8, 8]"
cologne_000018_000019,[]
cologne_000029_000019,"[8, 8]"
cologne_000097_000019,[]
cologne_000125_000019,[8]
cologne_000056_000019,"[8, 8, 8]"
cologne_000150_000019,"[8, 8]"
cologne_000023_000019,"[8, 8, 8, 8]"
cologne_000015_000019,"[8, 8, 8]"
cologne_000113_000019,[8]
cologne_000060_000019,[]
cologne_000119_000019,"[8, 8, 8, 8, 8]"
cologne_000128_000019,"[8, 8]"
cologne_000090_000019,[]
cologne_000122_000019,[8]
cologne_000051_000019,[8]
cologne_000024_000019,[]
cologne_000078_000019,"[8, 8]"
cologne_000007_000019,"[8, 8, 8, 8]"
cologne_000101_000019,"[8, 8]"
cologne_000072_000019,[8]
cologne_000130_000019,[8]
cologne_000043_000019,"[8, 8, 8]"
cologne_000082_000019,"[8, 8]"
cologne_000145_000019,[]
cologne_000036_000019,"[8, 8, 8, 8, 8]"
cologne_000049_000019,"[8, 8, 8, 8]"
cologne_000088_000019,"[8, 8, 8, 8]"
cologne_000000_000019,"[8, 8]"
cologne_000106_000019,"[8, 8]"
cologne_000075_000019,[8]
cologne_000137_000019,"[8, 8, 8, 8]"
cologne_000044_000019,[8]
cologne_000085_000019,"[8, 8, 8, 8]"
cologne_000142_000019,"[8, 8]"
cologne_000031_000019,[8]
cologne_000148_000019,[8]
cologne_000076_000019,"[8, 8]"
cologne_000105_000019,"[8, 8, 8]"
cologne_000003_000019,"[8, 8, 8]"
cologne_000009_000019,"[8, 8, 8]"
cologne_000038_000019,"[8, 8]"
cologne_000032_000019,"[8, 8, 8]"
cologne_000141_000019,"[8, 8, 8, 8]"
cologne_000047_000019,"[8, 8]"
cologne_000134_000019,[8]
cologne_000086_000019,"[8, 8, 8]"
cologne_000071_000019,"[8, 8, 8]"
cologne_000102_000019,"[8, 8]"
cologne_000004_000019,[]
cologne_000108_000019,"[8, 8]"
cologne_000139_000019,"[8, 8]"
cologne_000035_000019,"[8, 8, 8]"
cologne_000146_000019,"[8, 8]"
cologne_000040_000019,"[8, 8, 8, 8]"
cologne_000133_000019,[8]
cologne_000081_000019,"[8, 8, 8]"
cologne_000147_000019,"[8, 8, 8]"
cologne_000034_000019,"[8, 8, 8, 8, 8]"
cologne_000080_000019,[8]
cologne_000132_000019,"[8, 8]"
cologne_000041_000019,"[8, 8]"
cologne_000138_000019,"[8, 8, 8]"
cologne_000109_000019,"[8, 8, 8]"
cologne_000103_000019,[8]
cologne_000070_000019,"[8, 8, 8]"
cologne_000005_000019,[8]
cologne_000140_000019,"[8, 8, 8, 8]"
cologne_000033_000019,"[8, 8, 8]"
cologne_000087_000019,"[8, 8]"
cologne_000135_000019,"[8, 8]"
cologne_000046_000019,"[8, 8, 8, 8, 8]"
cologne_000039_000019,"[8, 8]"
cologne_000008_000019,"[8, 8]"
cologne_000104_000019,[8]
cologne_000077_000019,[8]
cologne_000002_000019,"[8, 8, 8]"
cologne_000149_000019,[]
cologne_000084_000019,[8]
cologne_000045_000019,[8]
cologne_000136_000019,[8]
cologne_000030_000019,"[8, 8, 8]"
cologne_000143_000019,[8]
cologne_000001_000019,"[8, 8]"
cologne_000074_000019,"[8, 8]"
cologne_000107_000019,"[8, 8]"
cologne_000089_000019,"[8, 8, 8]"
cologne_000048_000019,[8]
cologne_000083_000019,"[8, 8]"
cologne_000042_000019,"[8, 8, 8]"
cologne_000131_000019,[8]
cologne_000037_000019,"[8, 8]"
cologne_000144_000019,[8]
cologne_000006_000019,"[8, 8]"
cologne_000073_000019,[8]
cologne_000100_000019,"[8, 8, 8]"
cologne_000079_000019,[8]
monchengladbach_000000_013228,"[8, 8, 8, 8, 8, 8]"
monchengladbach_000000_029240,"[8, 8, 8, 8]"
monchengladbach_000000_023856,"[8, 8]"
monchengladbach_000000_020596,"[8, 8, 8]"
monchengladbach_000000_019682,"[8, 8, 8]"
monchengladbach_000001_000168,"[8, 8, 8, 8]"
monchengladbach_000000_026602,"[8, 8]"
monchengladbach_000000_036139,"[8, 8, 8, 8]"
monchengladbach_000000_020303,"[8, 8]"
monchengladbach_000000_028883,"[8, 8, 8]"
monchengladbach_000000_032540,"[8, 8, 8, 8, 8]"
monchengladbach_000000_020856,[8]
monchengladbach_000000_013352,[8]
monchengladbach_000000_014685,"[8, 8]"
monchengladbach_000000_010505,[8]
monchengladbach_000001_001936,"[8, 8]"
monchengladbach_000000_011383,"[8, 8, 8, 8]"
monchengladbach_000000_026305,"[8, 8]"
monchengladbach_000000_033454,"[8, 8]"
monchengladbach_000000_003442,"[8, 8]"
monchengladbach_000000_021663,"[8, 8]"
monchengladbach_000001_000537,"[8, 8, 8]"
monchengladbach_000000_009930,"[8, 8, 8, 8, 8, 8, 8]"
monchengladbach_000000_010280,"[8, 8, 8, 8, 8, 8]"
monchengladbach_000000_022748,"[8, 8]"
monchengladbach_000000_018720,"[8, 8, 8]"
monchengladbach_000000_012672,"[8, 8]"
monchengladbach_000000_015561,"[8, 8]"
monchengladbach_000000_023052,"[8, 8, 8]"
monchengladbach_000000_007695,"[8, 8, 8, 8]"
monchengladbach_000000_034930,"[8, 8, 8]"
monchengladbach_000000_023489,[8]
monchengladbach_000000_005138,"[8, 8]"
monchengladbach_000001_000054,"[8, 8, 8, 8]"
monchengladbach_000000_005686,"[8, 8]"
monchengladbach_000000_025215,[]
monchengladbach_000000_015126,"[8, 8]"
monchengladbach_000000_031623,"[8, 8]"
monchengladbach_000000_006169,"[8, 8, 8]"
monchengladbach_000000_000076,"[8, 8]"
monchengladbach_000000_001294,"[8, 8]"
monchengladbach_000000_026908,"[8, 8, 8, 8]"
monchengladbach_000000_019500,"[8, 8]"
monchengladbach_000000_018445,"[8, 8]"
monchengladbach_000000_018114,[8]
monchengladbach_000000_027628,"[8, 8, 8]"
monchengladbach_000000_028563,"[8, 8]"
monchengladbach_000000_021104,"[8, 8]"
monchengladbach_000000_018575,"[8, 8]"
monchengladbach_000000_035650,"[8, 8, 8]"
monchengladbach_000000_023375,[8]
monchengladbach_000000_030010,"[8, 8, 8, 8]"
monchengladbach_000000_009690,"[8, 8, 8, 8]"
monchengladbach_000000_007851,[8]
monchengladbach_000000_024243,"[8, 8]"
monchengladbach_000000_029526,"[8, 8, 8, 8]"
monchengladbach_000000_022361,"[8, 8]"
monchengladbach_000000_009615,"[8, 8]"
monchengladbach_000000_009191,"[8, 8]"
monchengladbach_000000_035718,"[8, 8, 8, 8, 8]"
monchengladbach_000000_001068,"[8, 8, 8]"
monchengladbach_000000_024964,"[8, 8, 8]"
monchengladbach_000000_004580,"[8, 8, 8]"
monchengladbach_000000_019142,"[8, 8]"
monchengladbach_000000_010860,"[8, 8]"
monchengladbach_000000_035364,"[8, 8]"
monchengladbach_000000_002972,"[8, 8, 8, 8]"
monchengladbach_000000_015685,"[8, 8, 8, 8]"
monchengladbach_000000_030662,"[8, 8, 8, 8]"
monchengladbach_000000_031005,"[8, 8, 8, 8, 8]"
monchengladbach_000000_006518,"[8, 8]"
monchengladbach_000000_028216,"[8, 8, 8, 8, 8, 8]"
monchengladbach_000000_015928,"[8, 8, 8]"
monchengladbach_000000_000383,"[8, 8, 8, 8]"
monchengladbach_000000_012376,"[8, 8, 8]"
monchengladbach_000000_017950,"[8, 8, 8]"
monchengladbach_000001_002353,"[8, 8, 8, 8, 8, 8]"
monchengladbach_000000_002255,"[8, 8]"
monchengladbach_000000_034302,[]
monchengladbach_000000_018294,[8]
monchengladbach_000001_000876,"[8, 8, 8]"
monchengladbach_000000_010733,"[8, 8]"
monchengladbach_000000_002478,"[8, 8, 8]"
monchengladbach_000000_024637,"[8, 8, 8, 8, 8]"
monchengladbach_000000_005876,"[8, 8]"
monchengladbach_000000_034621,"[8, 8, 8]"
monchengladbach_000001_001531,"[8, 8, 8, 8]"
monchengladbach_000000_007098,"[8, 8]"
monchengladbach_000000_031360,"[8, 8, 8]"
monchengladbach_000001_002229,"[8, 8, 8]"
monchengladbach_000000_033683,"[8, 8]"
monchengladbach_000000_019901,"[8, 8, 8]"
monchengladbach_000000_035083,"[8, 8, 8]"
monchengladbach_000000_026006,"[8, 8, 8, 8]"
krefeld_000000_020033,[8]
krefeld_000000_020624,"[8, 8]"
krefeld_000000_019697,"[8, 8, 8]"
krefeld_000000_015494,"[8, 8]"
krefeld_000000_018866,"[8, 8]"
krefeld_000000_032614,"[8, 8]"
krefeld_000000_012353,"[8, 8, 8, 8]"
krefeld_000000_017042,"[8, 8]"
krefeld_000000_035124,[8]
krefeld_000000_015116,"[8, 8, 8]"
krefeld_000000_023510,"[8, 8]"
krefeld_000000_029704,"[8, 8, 8, 8]"
krefeld_000000_000316,[8]
krefeld_000000_027596,"[8, 8]"
krefeld_000000_034231,"[8, 8]"
krefeld_000000_006274,"[8, 8]"
krefeld_000000_024276,"[8, 8]"
krefeld_000000_034389,"[8, 8]"
krefeld_000000_024604,"[8, 8]"
krefeld_000000_034686,"[8, 8, 8]"
krefeld_000000_003707,"[8, 8, 8]"
krefeld_000000_025434,"[8, 8, 8]"
krefeld_000000_030701,"[8, 8, 8, 8]"
krefeld_000000_030400,"[8, 8, 8, 8]"
krefeld_000000_003937,"[8, 8, 8]"
krefeld_000000_017489,"[8, 8]"
krefeld_000000_032390,"[8, 8]"
krefeld_000000_001908,"[8, 8, 8, 8]"
krefeld_000000_013257,[8]
krefeld_000000_012505,"[8, 8]"
krefeld_000000_000926,"[8, 8]"
krefeld_000000_021553,"[8, 8, 8]"
krefeld_000000_020334,"[8, 8, 8, 8]"
krefeld_000000_025812,"[8, 8]"
krefeld_000000_008584,"[8, 8]"
krefeld_000000_000108,"[8, 8]"
krefeld_000000_017342,[8]
krefeld_000000_009404,[8]
krefeld_000000_001566,[]
krefeld_000000_019791,"[8, 8, 8]"
krefeld_000000_018747,"[8, 8, 8]"
krefeld_000000_015868,"[8, 8, 8, 8]"
krefeld_000000_011655,"[8, 8, 8]"
krefeld_000000_030111,"[8, 8, 8]"
krefeld_000000_003096,"[8, 8]"
krefeld_000000_021222,"[8, 8]"
krefeld_000000_016342,"[8, 8, 8, 8, 8, 8]"
krefeld_000000_014146,"[8, 8, 8]"
krefeld_000000_036299,[8]
krefeld_000000_014886,"[8, 8]"
krefeld_000000_019125,"[8, 8, 8, 8, 8]"
krefeld_000000_031257,"[8, 8, 8, 8, 8]"
krefeld_000000_021000,"[8, 8, 8]"
krefeld_000000_004608,"[8, 8]"
krefeld_000000_005503,"[8, 8, 8, 8]"
krefeld_000000_023698,"[8, 8]"
krefeld_000000_028378,"[8, 8]"
krefeld_000000_021814,[]
krefeld_000000_009574,"[8, 8, 8]"
krefeld_000000_015687,"[8, 8]"
krefeld_000000_000442,[]
krefeld_000000_026269,"[8, 8, 8]"
krefeld_000000_029050,"[8, 8]"
krefeld_000000_033478,"[8, 8, 8, 8, 8, 8]"
krefeld_000000_008305,"[8, 8]"
krefeld_000000_028638,"[8, 8, 8]"
krefeld_000000_018004,"[8, 8]"
krefeld_000000_032845,[8]
krefeld_000000_030560,[]
krefeld_000000_010653,"[8, 8]"
krefeld_000000_016863,[8]
krefeld_000000_030221,"[8, 8]"
krefeld_000000_002083,[]
krefeld_000000_011483,"[8, 8, 8, 8]"
krefeld_000000_023338,"[8, 8, 8, 8]"
krefeld_000000_024921,"[8, 8]"
krefeld_000000_024362,"[8, 8]"
krefeld_000000_005252,"[8, 8, 8]"
krefeld_000000_034156,"[8, 8, 8]"
krefeld_000000_010329,"[8, 8]"
krefeld_000000_026580,[8]
krefeld_000000_018514,"[8, 8, 8]"
krefeld_000000_022162,[]
krefeld_000000_010160,"[8, 8]"
krefeld_000000_013139,[8]
krefeld_000000_020873,[8]
krefeld_000000_026919,"[8, 8]"
krefeld_000000_027954,"[8, 8]"
krefeld_000000_014673,"[8, 8, 8, 8]"
krefeld_000000_006686,"[8, 8, 8]"
krefeld_000000_023143,"[8, 8, 8]"
krefeld_000000_020933,"[8, 8, 8, 8]"
krefeld_000000_008239,"[8, 8, 8]"
krefeld_000000_013766,"[8, 8]"
krefeld_000000_035398,"[8, 8, 8, 8]"
krefeld_000000_004447,"[8, 8, 8, 8]"
krefeld_000000_027075,"[8, 8]"
krefeld_000000_009926,[8]
krefeld_000000_007325,"[8, 8, 8]"
ulm_000075_000019,"[8, 8, 8]"
ulm_000000_000019,"[8, 8, 8, 8, 8]"
ulm_000031_000019,"[8, 8, 8]"
ulm_000044_000019,[8]
ulm_000085_000019,[8]
ulm_000078_000019,[8]
ulm_000072_000019,"[8, 8, 8, 8, 8]"
ulm_000007_000019,[8]
ulm_000036_000019,[]
ulm_000043_000019,"[8, 8]"
ulm_000082_000019,"[8, 8]"
ulm_000049_000019,"[8, 8, 8, 8]"
ulm_000088_000019,[8]
ulm_000004_000019,"[8, 8, 8]"
ulm_000071_000019,"[8, 8, 8]"
ulm_000040_000019,"[8, 8]"
ulm_000081_000019,"[8, 8]"
ulm_000035_000019,[8]
ulm_000003_000019,"[8, 8]"
ulm_000076_000019,[]
ulm_000009_000019,[8]
ulm_000038_000019,"[8, 8, 8]"
ulm_000047_000019,"[8, 8, 8, 8, 8]"
ulm_000086_000019,"[8, 8]"
ulm_000032_000019,[8]
ulm_000087_000019,"[8, 8]"
ulm_000046_000019,[]
ulm_000033_000019,[8]
ulm_000039_000019,"[8, 8]"
ulm_000008_000019,[8]
ulm_000002_000019,[8]
ulm_000077_000019,"[8, 8, 8, 8]"
ulm_000080_000019,[]
ulm_000041_000019,"[8, 8]"
ulm_000034_000019,[8]
ulm_000005_000019,"[8, 8, 8, 8]"
ulm_000070_000019,[8]
ulm_000089_000019,[]
ulm_000048_000019,"[8, 8, 8, 8]"
ulm_000037_000019,"[8, 8, 8, 8]"
ulm_000083_000019,[]
ulm_000042_000019,[8]
ulm_000073_000019,"[8, 8, 8]"
ulm_000006_000019,"[8, 8, 8, 8]"
ulm_000079_000019,"[8, 8, 8]"
ulm_000030_000019,[8]
ulm_000084_000019,"[8, 8, 8, 8]"
ulm_000045_000019,"[8, 8, 8]"
ulm_000074_000019,"[8, 8]"
ulm_000001_000019,"[8, 8, 8]"
ulm_000022_000019,[]
ulm_000057_000019,"[8, 8, 8]"
ulm_000028_000019,[8]
ulm_000019_000019,"[8, 8, 8, 8]"
ulm_000066_000019,"[8, 8]"
ulm_000013_000019,[]
ulm_000025_000019,[8]
ulm_000050_000019,"[8, 8]"
ulm_000091_000019,[8]
ulm_000061_000019,[8]
ulm_000014_000019,[]
ulm_000059_000019,"[8, 8]"
ulm_000053_000019,"[8, 8]"
ulm_000092_000019,"[8, 8]"
ulm_000026_000019,"[8, 8, 8]"
ulm_000017_000019,[]
ulm_000062_000019,[8]
ulm_000068_000019,"[8, 8]"
ulm_000054_000019,"[8, 8]"
ulm_000021_000019,[8]
ulm_000010_000019,"[8, 8]"
ulm_000065_000019,"[8, 8]"
ulm_000011_000019,[8]
ulm_000064_000019,"[8, 8, 8]"
ulm_000094_000019,"[8, 8, 8]"
ulm_000055_000019,"[8, 8]"
ulm_000020_000019,"[8, 8, 8, 8, 8]"
ulm_000069_000019,[8]
ulm_000016_000019,[]
ulm_000063_000019,"[8, 8, 8]"
ulm_000093_000019,[8]
ulm_000052_000019,"[8, 8, 8, 8]"
ulm_000027_000019,"[8, 8, 8]"
ulm_000058_000019,"[8, 8, 8]"
ulm_000060_000019,"[8, 8]"
ulm_000015_000019,[]
ulm_000024_000019,"[8, 8, 8]"
ulm_000090_000019,"[8, 8]"
ulm_000051_000019,"[8, 8, 8]"
ulm_000067_000019,"[8, 8]"
ulm_000012_000019,[8]
ulm_000018_000019,"[8, 8, 8, 8, 8]"
ulm_000029_000019,"[8, 8]"
ulm_000023_000019,[8]
ulm_000056_000019,"[8, 8]"
hanover_000000_041232,"[8, 8]"
hanover_000000_019116,[8]
hanover_000000_011971,[8]
hanover_000000_043822,"[8, 8, 8]"
hanover_000000_006355,"[8, 8, 8]"
hanover_000000_046398,"[8, 8, 8, 8]"
hanover_000000_010403,[8]
hanover_000000_005599,"[8, 8, 8, 8]"
hanover_000000_040221,"[8, 8]"
hanover_000000_018800,"[8, 8, 8, 8]"
hanover_000000_042382,"[8, 8, 8]"
hanover_000000_020089,[]
hanover_000000_027650,"[8, 8, 8, 8]"
hanover_000000_001173,"[8, 8]"
hanover_000000_047870,"[8, 8]"
hanover_000000_035491,"[8, 8]"
hanover_000000_016038,"[8, 8, 8]"
hanover_000000_056800,"[8, 8]"
hanover_000000_037516,"[8, 8, 8]"
hanover_000000_013205,"[8, 8]"
hanover_000000_025437,"[8, 8, 8]"
hanover_000000_035768,"[8, 8]"
hanover_000000_023614,"[8, 8, 8]"
hanover_000000_056142,"[8, 8]"
hanover_000000_032351,[]
hanover_000000_053027,"[8, 8]"
hanover_000000_026014,[8]
hanover_000000_043653,"[8, 8]"
hanover_000000_055800,"[8, 8]"
hanover_000000_012347,[8]
hanover_000000_044085,"[8, 8]"
hanover_000000_029325,"[8, 8, 8, 8]"
hanover_000000_012675,[8]
hanover_000000_004646,"[8, 8, 8, 8, 8]"
hanover_000000_027007,"[8, 8, 8]"
hanover_000000_057532,[]
hanover_000000_019456,[8]
hanover_000000_002458,"[8, 8, 8, 8, 8, 8]"
hanover_000000_015587,[]
hanover_000000_044622,[8]
hanover_000000_019938,[8]
hanover_000000_048379,"[8, 8, 8]"
hanover_000000_026743,"[8, 8]"
hanover_000000_057710,"[8, 8]"
hanover_000000_045188,"[8, 8, 8, 8, 8]"
hanover_000000_023276,[8]
hanover_000000_043236,"[8, 8]"
hanover_000000_034347,"[8, 8, 8]"
hanover_000000_050228,"[8, 8]"
hanover_000000_024441,"[8, 8]"
hanover_000000_052887,"[8, 8]"
hanover_000000_000712,"[8, 8, 8]"
hanover_000000_006922,"[8, 8]"
hanover_000000_044195,"[8, 8]"
hanover_000000_041493,[]
hanover_000000_027998,"[8, 8, 8]"
hanover_000000_028202,"[8, 8]"
hanover_000000_028460,"[8, 8, 8]"
hanover_000000_058189,"[8, 8, 8]"
hanover_000000_017041,[8]
hanover_000000_002140,"[8, 8, 8, 8]"
hanover_000000_023975,"[8, 8]"
hanover_000000_034141,"[8, 8]"
hanover_000000_027282,"[8, 8, 8]"
hanover_000000_024989,"[8, 8]"
hanover_000000_053437,[8]
hanover_000000_014319,[8]
hanover_000000_000381,[]
hanover_000000_010553,"[8, 8]"
hanover_000000_032210,"[8, 8]"
hanover_000000_043102,[8]
hanover_000000_023239,"[8, 8]"
hanover_000000_007897,"[8, 8]"
hanover_000000_019672,"[8, 8, 8]"
hanover_000000_053604,"[8, 8]"
hanover_000000_052649,"[8, 8]"
hanover_000000_051059,"[8, 8, 8, 8]"
hanover_000000_002357,"[8, 8, 8]"
hanover_000000_041610,[8]
hanover_000000_045004,"[8, 8, 8, 8]"
hanover_000000_056361,"[8, 8]"
hanover_000000_030276,"[8, 8, 8, 8]"
hanover_000000_024719,[8]
hanover_000000_005288,"[8, 8, 8]"
hanover_000000_030781,"[8, 8, 8, 8]"
hanover_000000_015849,"[8, 8, 8]"
hanover_000000_050398,"[8, 8, 8, 8]"
hanover_000000_049465,"[8, 8, 8]"
hanover_000000_045841,[8]
hanover_000000_051842,"[8, 8]"
hanover_000000_032559,[8]
hanover_000000_020655,[8]
hanover_000000_018213,[8]
hanover_000000_019282,"[8, 8, 8]"
hanover_000000_032681,[]
hanover_000000_047629,[8]
hanover_000000_030346,"[8, 8, 8, 8]"
hanover_000000_014713,"[8, 8, 8, 8]"
hanover_000000_025335,"[8, 8, 8, 8]"
hanover_000000_027481,[8]
hanover_000000_024136,"[8, 8]"
hanover_000000_046200,[8]
hanover_000000_052013,"[8, 8]"
hanover_000000_000164,"[8, 8, 8]"
hanover_000000_036562,"[8, 8, 8]"
hanover_000000_037039,"[8, 8, 8]"
hanover_000000_029404,"[8, 8, 8]"
hanover_000000_046732,"[8, 8]"
hanover_000000_031856,"[8, 8, 8, 8]"
hanover_000000_034560,"[8, 8]"
hanover_000000_007342,"[8, 8, 8]"
hanover_000000_008200,"[8, 8, 8, 8, 8]"
hanover_000000_009420,"[8, 8]"
hanover_000000_007780,"[8, 8]"
hanover_000000_038855,"[8, 8]"
hanover_000000_005732,[8]
hanover_000000_001620,[8]
hanover_000000_038927,"[8, 8]"
hanover_000000_029769,"[8, 8, 8]"
hanover_000000_051271,[8]
hanover_000000_029455,"[8, 8, 8]"
hanover_000000_034015,"[8, 8]"
hanover_000000_008017,"[8, 8]"
hanover_000000_040051,[8]
hanover_000000_042255,[8]
hanover_000000_009128,"[8, 8]"
hanover_000000_016558,[8]
hanover_000000_055592,"[8, 8]"
hanover_000000_013814,"[8, 8]"
hanover_000000_009004,"[8, 8, 8]"
hanover_000000_003853,"[8, 8, 8]"
hanover_000000_004230,"[8, 8, 8]"
hanover_000000_018546,[8]
hanover_000000_045446,[8]
hanover_000000_040456,[]
hanover_000000_049269,"[8, 8, 8]"
hanover_000000_026356,"[8, 8]"
hanover_000000_013094,"[8, 8]"
hanover_000000_011170,[]
hanover_000000_056457,[8]
hanover_000000_026183,"[8, 8]"
hanover_000000_026804,"[8, 8]"
hanover_000000_029043,"[8, 8, 8, 8, 8]"
hanover_000000_027766,"[8, 8, 8, 8]"
hanover_000000_054965,"[8, 8, 8]"
hanover_000000_003411,[8]
hanover_000000_033457,"[8, 8, 8]"
hanover_000000_011471,"[8, 8, 8, 8, 8, 8]"
hanover_000000_023881,[8]
hanover_000000_040793,[8]
hanover_000000_027561,[8]
hanover_000000_048274,"[8, 8]"
hanover_000000_045657,[8]
hanover_000000_048508,[8]
hanover_000000_014919,[8]
hanover_000000_051536,"[8, 8, 8]"
hanover_000000_005970,"[8, 8]"
hanover_000000_014537,"[8, 8, 8]"
hanover_000000_051152,[8]
hanover_000000_030889,[8]
hanover_000000_042581,[8]
hanover_000000_047499,[8]
hanover_000000_046954,"[8, 8]"
hanover_000000_042992,[8]
hanover_000000_046646,"[8, 8, 8]"
hanover_000000_004752,"[8, 8, 8]"
hanover_000000_055124,"[8, 8, 8, 8]"
hanover_000000_038773,"[8, 8, 8, 8, 8]"
hanover_000000_056601,"[8, 8]"
hanover_000000_042770,"[8, 8]"
hanover_000000_024276,[8]
hanover_000000_044344,[8]
hanover_000000_039021,"[8, 8, 8, 8, 8, 8, 8]"
hanover_000000_049005,"[8, 8]"
hanover_000000_031144,"[8, 8]"
hanover_000000_035606,[8]
hanover_000000_022645,[8]
hanover_000000_052729,"[8, 8, 8]"
hanover_000000_036051,"[8, 8, 8]"
hanover_000000_040294,"[8, 8, 8]"
hanover_000000_003224,[8]
hanover_000000_034720,"[8, 8, 8]"
hanover_000000_021337,[]
hanover_000000_054276,"[8, 8]"
hanover_000000_040133,"[8, 8]"
hanover_000000_055937,[8]
hanover_000000_043550,"[8, 8]"
hanover_000000_005175,"[8, 8]"
hanover_000000_030546,"[8, 8]"
hanover_000000_037298,"[8, 8, 8, 8, 8]"
hanover_000000_046572,"[8, 8, 8, 8, 8]"
hanover_000000_034935,[8]
hanover_000000_027390,"[8, 8, 8]"
hanover_000000_039470,"[8, 8, 8, 8]"
hanover_000000_048765,"[8, 8]"
hanover_000000_052512,"[8, 8, 8]"
stuttgart_000082_000019,"[8, 8, 8, 8]"
stuttgart_000043_000019,[8]
stuttgart_000130_000019,[8]
stuttgart_000036_000019,[]
stuttgart_000145_000019,"[8, 8, 8]"
stuttgart_000184_000019,"[8, 8]"
stuttgart_000088_000019,"[8, 8]"
stuttgart_000049_000019,[8]
stuttgart_000078_000019,"[8, 8, 8, 8]"
stuttgart_000007_000019,"[8, 8, 8]"
stuttgart_000174_000019,[]
stuttgart_000072_000019,"[8, 8]"
stuttgart_000101_000019,[8]
stuttgart_000085_000019,"[8, 8]"
stuttgart_000044_000019,[8]
stuttgart_000137_000019,"[8, 8, 8]"
stuttgart_000031_000019,[8]
stuttgart_000142_000019,"[8, 8]"
stuttgart_000183_000019,"[8, 8]"
stuttgart_000148_000019,"[8, 8, 8]"
stuttgart_000189_000019,[]
stuttgart_000179_000019,[]
stuttgart_000000_000019,[8]
stuttgart_000173_000019,"[8, 8]"
stuttgart_000075_000019,[8]
stuttgart_000106_000019,"[8, 8, 8]"
stuttgart_000038_000019,[8]
stuttgart_000141_000019,"[8, 8, 8]"
stuttgart_000032_000019,"[8, 8]"
stuttgart_000180_000019,[]
stuttgart_000086_000019,"[8, 8, 8, 8]"
stuttgart_000134_000019,[8]
stuttgart_000047_000019,[]
stuttgart_000105_000019,"[8, 8]"
stuttgart_000076_000019,"[8, 8]"
stuttgart_000170_000019,"[8, 8, 8, 8, 8]"
stuttgart_000003_000019,"[8, 8]"
stuttgart_000009_000019,"[8, 8, 8]"
stuttgart_000139_000019,[8]
stuttgart_000146_000019,"[8, 8]"
stuttgart_000035_000019,[]
stuttgart_000187_000019,"[8, 8, 8]"
stuttgart_000081_000019,[]
stuttgart_000133_000019,"[8, 8, 8]"
stuttgart_000040_000019,"[8, 8]"
stuttgart_000102_000019,"[8, 8]"
stuttgart_000071_000019,"[8, 8]"
stuttgart_000177_000019,[]
stuttgart_000004_000019,"[8, 8]"
stuttgart_000108_000019,[8]
stuttgart_000109_000019,"[8, 8, 8, 8]"
stuttgart_000070_000019,"[8, 8, 8]"
stuttgart_000103_000019,"[8, 8]"
stuttgart_000005_000019,"[8, 8, 8]"
stuttgart_000176_000019,"[8, 8]"
stuttgart_000186_000019,"[8, 8]"
stuttgart_000034_000019,"[8, 8]"
stuttgart_000147_000019,"[8, 8]"
stuttgart_000041_000019,[8]
stuttgart_000132_000019,[8]
stuttgart_000080_000019,"[8, 8]"
stuttgart_000138_000019,[8]
stuttgart_000008_000019,"[8, 8, 8]"
stuttgart_000077_000019,"[8, 8, 8, 8, 8]"
stuttgart_000104_000019,"[8, 8]"
stuttgart_000002_000019,"[8, 8]"
stuttgart_000171_000019,"[8, 8, 8]"
stuttgart_000181_000019,[]
stuttgart_000033_000019,[8]
stuttgart_000140_000019,"[8, 8]"
stuttgart_000046_000019,[8]
stuttgart_000135_000019,"[8, 8]"
stuttgart_000087_000019,"[8, 8, 8, 8]"
stuttgart_000039_000019,[8]
stuttgart_000172_000019,[8]
stuttgart_000001_000019,"[8, 8]"
stuttgart_000107_000019,[8]
stuttgart_000074_000019,"[8, 8, 8]"
stuttgart_000178_000019,"[8, 8]"
stuttgart_000188_000019,[]
stuttgart_000149_000019,"[8, 8]"
stuttgart_000136_000019,"[8, 8, 8]"
stuttgart_000045_000019,"[8, 8, 8]"
stuttgart_000084_000019,[8]
stuttgart_000182_000019,"[8, 8, 8]"
stuttgart_000143_000019,[]
stuttgart_000030_000019,"[8, 8]"
stuttgart_000175_000019,[8]
stuttgart_000006_000019,"[8, 8, 8]"
stuttgart_000100_000019,"[8, 8, 8]"
stuttgart_000073_000019,"[8, 8, 8]"
stuttgart_000079_000019,"[8, 8]"
stuttgart_000048_000019,[]
stuttgart_000089_000019,"[8, 8, 8]"
stuttgart_000131_000019,[8]
stuttgart_000042_000019,[8]
stuttgart_000083_000019,"[8, 8]"
stuttgart_000185_000019,"[8, 8, 8, 8]"
stuttgart_000144_000019,"[8, 8]"
stuttgart_000037_000019,"[8, 8, 8]"
stuttgart_000118_000019,"[8, 8, 8]"
stuttgart_000167_000019,"[8, 8, 8, 8]"
stuttgart_000014_000019,[8]
stuttgart_000112_000019,"[8, 8, 8]"
stuttgart_000061_000019,[8]
stuttgart_000091_000019,[]
stuttgart_000123_000019,[]
stuttgart_000050_000019,"[8, 8, 8]"
stuttgart_000156_000019,"[8, 8]"
stuttgart_000025_000019,[8]
stuttgart_000129_000019,[]
stuttgart_000019_000019,"[8, 8]"
stuttgart_000160_000019,"[8, 8]"
stuttgart_000013_000019,"[8, 8, 8, 8, 8]"
stuttgart_000115_000019,"[8, 8]"
stuttgart_000066_000019,"[8, 8, 8]"
stuttgart_000096_000019,[8]
stuttgart_000124_000019,[8]
stuttgart_000057_000019,"[8, 8]"
stuttgart_000151_000019,"[8, 8]"
stuttgart_000022_000019,"[8, 8, 8]"
stuttgart_000190_000019,"[8, 8]"
stuttgart_000028_000019,"[8, 8]"
stuttgart_000065_000019,"[8, 8, 8]"
stuttgart_000116_000019,"[8, 8]"
stuttgart_000010_000019,[8]
stuttgart_000163_000019,"[8, 8]"
stuttgart_000169_000019,"[8, 8, 8, 8]"
stuttgart_000158_000019,"[8, 8, 8, 8]"
stuttgart_000021_000019,[8]
stuttgart_000152_000019,"[8, 8]"
stuttgart_000193_000019,"[8, 8]"
stuttgart_000095_000019,[8]
stuttgart_000054_000019,[]
stuttgart_000127_000019,"[8, 8]"
stuttgart_000062_000019,"[8, 8]"
stuttgart_000111_000019,[]
stuttgart_000017_000019,"[8, 8, 8]"
stuttgart_000164_000019,[8]
stuttgart_000068_000019,"[8, 8]"
stuttgart_000098_000019,"[8, 8, 8, 8, 8]"
stuttgart_000059_000019,"[8, 8, 8]"
stuttgart_000026_000019,"[8, 8]"
stuttgart_000155_000019,[8]
stuttgart_000194_000019,[8]
stuttgart_000092_000019,[8]
stuttgart_000053_000019,[8]
stuttgart_000120_000019,"[8, 8, 8]"
stuttgart_000195_000019,[]
stuttgart_000154_000019,[8]
stuttgart_000027_000019,"[8, 8, 8, 8]"
stuttgart_000121_000019,"[8, 8]"
stuttgart_000052_000019,[]
stuttgart_000093_000019,"[8, 8]"
stuttgart_000058_000019,"[8, 8, 8]"
stuttgart_000099_000019,"[8, 8, 8, 8]"
stuttgart_000069_000019,"[8, 8]"
stuttgart_000110_000019,[8]
stuttgart_000063_000019,"[8, 8, 8]"
stuttgart_000165_000019,"[8, 8, 8]"
stuttgart_000016_000019,"[8, 8]"
stuttgart_000192_000019,"[8, 8]"
stuttgart_000153_000019,"[8, 8]"
stuttgart_000020_000019,"[8, 8]"
stuttgart_000126_000019,"[8, 8]"
stuttgart_000055_000019,"[8, 8]"
stuttgart_000094_000019,[8]
stuttgart_000159_000019,"[8, 8, 8, 8]"
stuttgart_000168_000019,"[8, 8, 8, 8]"
stuttgart_000117_000019,[8]
stuttgart_000064_000019,"[8, 8, 8]"
stuttgart_000162_000019,"[8, 8, 8, 8]"
stuttgart_000011_000019,[]
stuttgart_000029_000019,[]
stuttgart_000056_000019,"[8, 8, 8]"
stuttgart_000125_000019,"[8, 8]"
stuttgart_000097_000019,"[8, 8]"
stuttgart_000191_000019,"[8, 8]"
stuttgart_000023_000019,"[8, 8, 8]"
stuttgart_000150_000019,"[8, 8, 8]"
stuttgart_000012_000019,"[8, 8]"
stuttgart_000161_000019,"[8, 8]"
stuttgart_000067_000019,"[8, 8]"
stuttgart_000114_000019,[]
stuttgart_000018_000019,"[8, 8]"
stuttgart_000128_000019,[8]
stuttgart_000051_000019,"[8, 8]"
stuttgart_000122_000019,"[8, 8, 8]"
stuttgart_000090_000019,[8]
stuttgart_000024_000019,"[8, 8, 8, 8]"
stuttgart_000157_000019,"[8, 8, 8]"
stuttgart_000015_000019,[8]
stuttgart_000166_000019,"[8, 8]"
stuttgart_000060_000019,[8]
stuttgart_000113_000019,"[8, 8]"
stuttgart_000119_000019,[8]
erfurt_000070_000019,"[8, 8]"
erfurt_000103_000019,"[8, 8]"
erfurt_000005_000019,"[8, 8, 8]"
erfurt_000034_000019,[8]
erfurt_000080_000019,"[8, 8]"
erfurt_000041_000019,"[8, 8]"
erfurt_000008_000019,"[8, 8, 8]"
erfurt_000077_000019,[8]
erfurt_000104_000019,[8]
erfurt_000002_000019,"[8, 8]"
erfurt_000033_000019,"[8, 8, 8]"
erfurt_000087_000019,"[8, 8, 8, 8, 8, 8]"
erfurt_000046_000019,"[8, 8, 8]"
erfurt_000039_000019,"[8, 8]"
erfurt_000001_000019,"[8, 8]"
erfurt_000107_000019,[]
erfurt_000074_000019,"[8, 8, 8]"
erfurt_000084_000019,"[8, 8]"
erfurt_000045_000019,"[8, 8]"
erfurt_000030_000019,"[8, 8, 8]"
erfurt_000006_000019,[8]
erfurt_000100_000019,"[8, 8, 8]"
erfurt_000073_000019,"[8, 8, 8, 8]"
erfurt_000079_000019,"[8, 8]"
erfurt_000089_000019,"[8, 8]"
erfurt_000048_000019,"[8, 8, 8, 8]"
erfurt_000083_000019,"[8, 8]"
erfurt_000042_000019,"[8, 8, 8, 8]"
erfurt_000037_000019,[8]
erfurt_000043_000019,[8]
erfurt_000082_000019,"[8, 8]"
erfurt_000036_000019,[8]
erfurt_000049_000019,[8]
erfurt_000088_000019,"[8, 8]"
erfurt_000078_000019,"[8, 8]"
erfurt_000007_000019,"[8, 8, 8]"
erfurt_000072_000019,"[8, 8, 8]"
erfurt_000101_000019,[8]
erfurt_000044_000019,"[8, 8]"
erfurt_000085_000019,"[8, 8]"
erfurt_000031_000019,"[8, 8, 8]"
erfurt_000000_000019,"[8, 8, 8, 8, 8]"
erfurt_000075_000019,"[8, 8, 8]"
erfurt_000106_000019,"[8, 8, 8, 8]"
erfurt_000038_000019,"[8, 8]"
erfurt_000032_000019,"[8, 8, 8]"
erfurt_000047_000019,"[8, 8, 8]"
erfurt_000086_000019,"[8, 8, 8]"
erfurt_000105_000019,"[8, 8, 8]"
erfurt_000076_000019,"[8, 8]"
erfurt_000003_000019,"[8, 8, 8, 8]"
erfurt_000009_000019,"[8, 8]"
erfurt_000035_000019,[8]
erfurt_000040_000019,[8]
erfurt_000081_000019,"[8, 8, 8]"
erfurt_000102_000019,"[8, 8, 8, 8]"
erfurt_000071_000019,"[8, 8]"
erfurt_000004_000019,"[8, 8]"
erfurt_000108_000019,[8]
erfurt_000027_000019,"[8, 8]"
erfurt_000093_000019,[8]
erfurt_000052_000019,[8]
erfurt_000099_000019,"[8, 8, 8]"
erfurt_000058_000019,"[8, 8, 8, 8, 8]"
erfurt_000069_000019,"[8, 8, 8]"
erfurt_000063_000019,"[8, 8]"
erfurt_000016_000019,[]
erfurt_000020_000019,"[8, 8, 8, 8, 8, 8]"
erfurt_000094_000019,[8]
erfurt_000055_000019,"[8, 8, 8, 8]"
erfurt_000064_000019,"[8, 8]"
erfurt_000011_000019,"[8, 8]"
erfurt_000029_000019,"[8, 8]"
erfurt_000097_000019,"[8, 8, 8, 8]"
erfurt_000056_000019,[8]
erfurt_000023_000019,"[8, 8, 8, 8]"
erfurt_000012_000019,"[8, 8]"
erfurt_000067_000019,"[8, 8, 8]"
erfurt_000018_000019,"[8, 8]"
erfurt_000090_000019,"[8, 8]"
erfurt_000051_000019,"[8, 8, 8]"
erfurt_000024_000019,"[8, 8, 8]"
erfurt_000015_000019,"[8, 8]"
erfurt_000060_000019,"[8, 8, 8, 8]"
erfurt_000014_000019,"[8, 8, 8]"
erfurt_000061_000019,"[8, 8, 8]"
erfurt_000050_000019,"[8, 8]"
erfurt_000091_000019,"[8, 8]"
erfurt_000025_000019,"[8, 8, 8, 8, 8]"
erfurt_000019_000019,"[8, 8, 8]"
erfurt_000013_000019,"[8, 8, 8]"
erfurt_000066_000019,[8]
erfurt_000057_000019,"[8, 8]"
erfurt_000096_000019,"[8, 8]"
erfurt_000022_000019,"[8, 8, 8]"
erfurt_000028_000019,"[8, 8]"
erfurt_000065_000019,"[8, 8, 8]"
erfurt_000010_000019,"[8, 8]"
erfurt_000021_000019,[8]
erfurt_000054_000019,"[8, 8]"
erfurt_000095_000019,[8]
erfurt_000062_000019,[8]
erfurt_000017_000019,[]
erfurt_000068_000019,[]
erfurt_000059_000019,"[8, 8, 8]"
erfurt_000098_000019,"[8, 8, 8, 8]"
erfurt_000026_000019,"[8, 8]"
erfurt_000053_000019,"[8, 8, 8]"
erfurt_000092_000019,"[8, 8]"
bremen_000256_000019,"[8, 8, 8, 8, 8, 8, 8]"
bremen_000297_000019,"[8, 8]"
bremen_000071_000019,"[8, 8, 8]"
bremen_000102_000019,"[8, 8]"
bremen_000004_000019,"[8, 8, 8, 8]"
bremen_000177_000019,"[8, 8]"
bremen_000223_000019,"[8, 8]"
bremen_000229_000019,"[8, 8]"
bremen_000108_000019,"[8, 8, 8]"
bremen_000139_000019,"[8, 8, 8, 8]"
bremen_000218_000019,"[8, 8, 8]"
bremen_000035_000019,[8]
bremen_000146_000019,"[8, 8]"
bremen_000212_000019,"[8, 8]"
bremen_000187_000019,"[8, 8, 8, 8]"
bremen_000081_000019,"[8, 8, 8, 8, 8]"
bremen_000267_000019,"[8, 8, 8, 8]"
bremen_000314_000019,"[8, 8]"
bremen_000040_000019,"[8, 8, 8]"
bremen_000133_000019,"[8, 8, 8, 8, 8]"
bremen_000251_000019,"[8, 8, 8]"
bremen_000290_000019,"[8, 8, 8, 8]"
bremen_000076_000019,"[8, 8, 8, 8, 8]"
bremen_000105_000019,"[8, 8, 8]"
bremen_000003_000019,"[8, 8, 8]"
bremen_000170_000019,"[8, 8, 8, 8]"
bremen_000224_000019,"[8, 8]"
bremen_000009_000019,[8]
bremen_000038_000019,"[8, 8, 8]"
bremen_000032_000019,"[8, 8, 8, 8]"
bremen_000141_000019,"[8, 8]"
bremen_000215_000019,[8]
bremen_000180_000019,"[8, 8, 8, 8]"
bremen_000086_000019,"[8, 8, 8]"
bremen_000260_000019,"[8, 8, 8]"
bremen_000313_000019,[8]
bremen_000047_000019,"[8, 8]"
bremen_000134_000019,"[8, 8, 8, 8, 8]"
bremen_000258_000019,"[8, 8, 8]"
bremen_000299_000019,"[8, 8, 8]"
bremen_000179_000019,"[8, 8]"
bremen_000173_000019,"[8, 8, 8]"
bremen_000000_000019,"[8, 8]"
bremen_000227_000019,"[8, 8]"
bremen_000252_000019,"[8, 8]"
bremen_000293_000019,[8]
bremen_000106_000019,[8]
bremen_000075_000019,"[8, 8]"
bremen_000085_000019,"[8, 8, 8, 8]"
bremen_000310_000019,"[8, 8, 8, 8, 8, 8]"
bremen_000263_000019,"[8, 8]"
bremen_000137_000019,"[8, 8, 8, 8]"
bremen_000044_000019,"[8, 8, 8]"
bremen_000142_000019,"[8, 8]"
bremen_000031_000019,"[8, 8, 8]"
bremen_000216_000019,"[8, 8, 8, 8, 8]"
bremen_000183_000019,"[8, 8, 8, 8]"
bremen_000148_000019,"[8, 8, 8, 8, 8, 8, 8, 8]"
bremen_000189_000019,"[8, 8]"
bremen_000269_000019,"[8, 8, 8]"
bremen_000078_000019,"[8, 8]"
bremen_000174_000019,"[8, 8, 8]"
bremen_000007_000019,"[8, 8, 8]"
bremen_000220_000019,"[8, 8, 8, 8, 8]"
bremen_000255_000019,"[8, 8]"
bremen_000294_000019,[8]
bremen_000101_000019,[8]
bremen_000072_000019,"[8, 8]"
bremen_000082_000019,"[8, 8, 8, 8]"
bremen_000264_000019,"[8, 8, 8, 8]"
bremen_000130_000019,"[8, 8, 8, 8, 8, 8]"
bremen_000043_000019,"[8, 8]"
bremen_000145_000019,"[8, 8, 8, 8]"
bremen_000036_000019,"[8, 8]"
bremen_000211_000019,"[8, 8, 8]"
bremen_000184_000019,"[8, 8, 8, 8, 8]"
bremen_000088_000019,[8]
bremen_000049_000019,"[8, 8]"
bremen_000048_000019,"[8, 8]"
bremen_000089_000019,"[8, 8, 8, 8, 8, 8]"
bremen_000042_000019,"[8, 8]"
bremen_000131_000019,"[8, 8]"
bremen_000265_000019,[8]
bremen_000083_000019,[]
bremen_000185_000019,"[8, 8, 8, 8, 8, 8]"
bremen_000210_000019,"[8, 8, 8, 8]"
bremen_000037_000019,"[8, 8, 8]"
bremen_000144_000019,"[8, 8, 8, 8, 8]"
bremen_000221_000019,"[8, 8, 8]"
bremen_000006_000019,"[8, 8, 8]"
bremen_000175_000019,"[8, 8, 8, 8]"
bremen_000073_000019,"[8, 8]"
bremen_000100_000019,"[8, 8]"
bremen_000295_000019,"[8, 8]"
bremen_000254_000019,"[8, 8, 8]"
bremen_000079_000019,"[8, 8, 8, 8]"
bremen_000188_000019,"[8, 8, 8]"
bremen_000149_000019,"[8, 8]"
bremen_000268_000019,"[8, 8]"
bremen_000045_000019,"[8, 8, 8, 8]"
bremen_000136_000019,"[8, 8]"
bremen_000262_000019,"[8, 8, 8]"
bremen_000311_000019,"[8, 8, 8, 8, 8, 8, 8, 8]"
bremen_000084_000019,[8]
bremen_000182_000019,"[8, 8, 8]"
bremen_000217_000019,"[8, 8, 8, 8]"
bremen_000030_000019,"[8, 8, 8, 8]"
bremen_000143_000019,"[8, 8]"
bremen_000226_000019,[8]
bremen_000001_000019,"[8, 8]"
bremen_000172_000019,"[8, 8, 8]"
bremen_000074_000019,"[8, 8]"
bremen_000107_000019,"[8, 8, 8, 8]"
bremen_000292_000019,"[8, 8, 8]"
bremen_000253_000019,"[8, 8, 8]"
bremen_000298_000019,[8]
bremen_000259_000019,"[8, 8, 8]"
bremen_000178_000019,"[8, 8, 8]"
bremen_000181_000019,"[8, 8]"
bremen_000214_000019,[8]
bremen_000140_000019,"[8, 8]"
bremen_000033_000019,"[8, 8, 8]"
bremen_000135_000019,"[8, 8, 8]"
bremen_000046_000019,[8]
bremen_000312_000019,"[8, 8]"
bremen_000261_000019,"[8, 8, 8, 8, 8]"
bremen_000087_000019,[8]
bremen_000039_000019,"[8, 8, 8, 8, 8, 8]"
bremen_000008_000019,"[8, 8]"
bremen_000104_000019,"[8, 8, 8]"
bremen_000077_000019,[8]
bremen_000291_000019,"[8, 8]"
bremen_000250_000019,"[8, 8, 8]"
bremen_000225_000019,[8]
bremen_000171_000019,"[8, 8, 8, 8, 8, 8]"
bremen_000002_000019,[8]
bremen_000186_000019,"[8, 8]"
bremen_000213_000019,"[8, 8]"
bremen_000147_000019,"[8, 8, 8]"
bremen_000034_000019,"[8, 8, 8]"
bremen_000132_000019,"[8, 8, 8, 8, 8]"
bremen_000041_000019,"[8, 8, 8, 8, 8]"
bremen_000315_000019,"[8, 8]"
bremen_000266_000019,"[8, 8, 8, 8, 8, 8]"
bremen_000080_000019,[]
bremen_000138_000019,"[8, 8]"
bremen_000219_000019,"[8, 8, 8]"
bremen_000228_000019,"[8, 8, 8]"
bremen_000109_000019,[8]
bremen_000103_000019,"[8, 8]"
bremen_000070_000019,"[8, 8, 8]"
bremen_000296_000019,"[8, 8, 8]"
bremen_000257_000019,"[8, 8, 8, 8]"
bremen_000222_000019,"[8, 8]"
bremen_000176_000019,"[8, 8, 8, 8]"
bremen_000005_000019,"[8, 8]"
bremen_000098_000019,"[8, 8]"
bremen_000059_000019,"[8, 8, 8, 8, 8]"
bremen_000155_000019,"[8, 8, 8]"
bremen_000026_000019,"[8, 8, 8]"
bremen_000194_000019,"[8, 8, 8]"
bremen_000201_000019,"[8, 8, 8]"
bremen_000307_000019,"[8, 8, 8, 8]"
bremen_000274_000019,[8]
bremen_000092_000019,"[8, 8]"
bremen_000120_000019,"[8, 8, 8]"
bremen_000053_000019,"[8, 8]"
bremen_000245_000019,"[8, 8]"
bremen_000111_000019,[]
bremen_000062_000019,"[8, 8]"
bremen_000284_000019,"[8, 8]"
bremen_000164_000019,[8]
bremen_000017_000019,"[8, 8, 8]"
bremen_000230_000019,"[8, 8, 8, 8]"
bremen_000068_000019,"[8, 8]"
bremen_000279_000019,[8]
bremen_000158_000019,"[8, 8, 8, 8, 8, 8, 8]"
bremen_000199_000019,"[8, 8, 8, 8]"
bremen_000152_000019,[8]
bremen_000021_000019,[8]
bremen_000193_000019,"[8, 8]"
bremen_000206_000019,"[8, 8, 8]"
bremen_000300_000019,[8]
bremen_000273_000019,"[8, 8]"
bremen_000095_000019,"[8, 8]"
bremen_000127_000019,[8]
bremen_000054_000019,"[8, 8]"
bremen_000242_000019,"[8, 8]"
bremen_000116_000019,"[8, 8, 8, 8]"
bremen_000065_000019,"[8, 8, 8, 8, 8]"
bremen_000283_000019,"[8, 8]"
bremen_000163_000019,"[8, 8]"
bremen_000010_000019,"[8, 8, 8]"
bremen_000237_000019,"[8, 8]"
bremen_000169_000019,"[8, 8]"
bremen_000248_000019,[8]
bremen_000289_000019,[8]
bremen_000270_000019,"[8, 8, 8, 8]"
bremen_000303_000019,"[8, 8, 8]"
bremen_000096_000019,[8]
bremen_000057_000019,"[8, 8, 8]"
bremen_000124_000019,[8]
bremen_000022_000019,"[8, 8]"
bremen_000151_000019,"[8, 8, 8]"
bremen_000190_000019,"[8, 8]"
bremen_000205_000019,"[8, 8, 8]"
bremen_000028_000019,"[8, 8]"
bremen_000309_000019,"[8, 8]"
bremen_000019_000019,"[8, 8, 8, 8, 8, 8]"
bremen_000013_000019,"[8, 8, 8, 8]"
bremen_000160_000019,"[8, 8, 8]"
bremen_000234_000019,"[8, 8]"
bremen_000241_000019,[8]
bremen_000066_000019,"[8, 8]"
bremen_000115_000019,"[8, 8, 8]"
bremen_000280_000019,"[8, 8]"
bremen_000277_000019,"[8, 8]"
bremen_000304_000019,"[8, 8, 8]"
bremen_000091_000019,"[8, 8]"
bremen_000050_000019,"[8, 8]"
bremen_000123_000019,[8]
bremen_000025_000019,"[8, 8]"
bremen_000156_000019,[]
bremen_000197_000019,"[8, 8]"
bremen_000202_000019,[8]
bremen_000208_000019,"[8, 8, 8]"
bremen_000129_000019,"[8, 8, 8]"
bremen_000118_000019,[8]
bremen_000239_000019,"[8, 8, 8]"
bremen_000014_000019,"[8, 8]"
bremen_000167_000019,"[8, 8]"
bremen_000233_000019,"[8, 8]"
bremen_000246_000019,"[8, 8]"
bremen_000061_000019,"[8, 8, 8]"
bremen_000112_000019,[8]
bremen_000287_000019,"[8, 8, 8, 8]"
bremen_000232_000019,"[8, 8, 8]"
bremen_000166_000019,"[8, 8]"
bremen_000015_000019,"[8, 8, 8]"
bremen_000286_000019,"[8, 8, 8, 8]"
bremen_000113_000019,"[8, 8, 8]"
bremen_000060_000019,"[8, 8]"
bremen_000247_000019,"[8, 8]"
bremen_000119_000019,"[8, 8]"
bremen_000238_000019,"[8, 8, 8, 8]"
bremen_000209_000019,"[8, 8, 8, 8, 8, 8]"
bremen_000128_000019,[8]
bremen_000122_000019,"[8, 8]"
bremen_000051_000019,"[8, 8]"
bremen_000090_000019,[8]
bremen_000305_000019,"[8, 8]"
bremen_000276_000019,[]
bremen_000203_000019,[8]
bremen_000196_000019,"[8, 8]"
bremen_000157_000019,"[8, 8]"
bremen_000024_000019,"[8, 8]"
bremen_000235_000019,"[8, 8]"
bremen_000161_000019,"[8, 8]"
bremen_000012_000019,"[8, 8, 8, 8, 8]"
bremen_000281_000019,"[8, 8, 8]"
bremen_000114_000019,"[8, 8]"
bremen_000067_000019,"[8, 8]"
bremen_000240_000019,"[8, 8]"
bremen_000018_000019,[]
bremen_000029_000019,[8]
bremen_000308_000019,"[8, 8]"
bremen_000125_000019,[8]
bremen_000056_000019,"[8, 8]"
bremen_000097_000019,"[8, 8]"
bremen_000302_000019,"[8, 8, 8]"
bremen_000271_000019,"[8, 8, 8, 8]"
bremen_000204_000019,"[8, 8]"
bremen_000191_000019,"[8, 8, 8]"
bremen_000150_000019,"[8, 8, 8, 8, 8]"
bremen_000023_000019,[8]
bremen_000168_000019,"[8, 8, 8]"
bremen_000288_000019,"[8, 8, 8]"
bremen_000249_000019,"[8, 8, 8]"
bremen_000282_000019,"[8, 8, 8, 8]"
bremen_000064_000019,"[8, 8]"
bremen_000117_000019,[8]
bremen_000243_000019,[]
bremen_000236_000019,"[8, 8]"
bremen_000011_000019,"[8, 8]"
bremen_000162_000019,"[8, 8]"
bremen_000207_000019,"[8, 8]"
bremen_000192_000019,[8]
bremen_000020_000019,"[8, 8]"
bremen_000153_000019,"[8, 8]"
bremen_000055_000019,[8]
bremen_000126_000019,[8]
bremen_000094_000019,"[8, 8, 8]"
bremen_000272_000019,[8]
bremen_000301_000019,[8]
bremen_000278_000019,[8]
bremen_000198_000019,"[8, 8, 8, 8, 8, 8]"
bremen_000159_000019,[8]
bremen_000069_000019,"[8, 8, 8, 8]"
bremen_000285_000019,"[8, 8, 8, 8, 8]"
bremen_000063_000019,"[8, 8, 8, 8]"
bremen_000110_000019,"[8, 8]"
bremen_000244_000019,[8]
bremen_000231_000019,"[8, 8]"
bremen_000016_000019,"[8, 8]"
bremen_000165_000019,"[8, 8]"
bremen_000200_000019,"[8, 8, 8]"
bremen_000195_000019,"[8, 8, 8]"
bremen_000027_000019,"[8, 8]"
bremen_000154_000019,"[8, 8]"
bremen_000052_000019,"[8, 8, 8]"
bremen_000121_000019,"[8, 8, 8]"
bremen_000093_000019,[]
bremen_000275_000019,[8]
bremen_000306_000019,"[8, 8]"
bremen_000058_000019,"[8, 8, 8, 8]"
bremen_000099_000019,"[8, 8]"
