,0
0,hamburg_000000_079376.png.npy
1,aachen_000056_000019.png.npy
2,bochum_000000_031477.png.npy
3,erfurt_000061_000019.png.npy
4,aachen_000080_000019.png.npy
5,bochum_000000_038150.png.npy
6,cologne_000113_000019.png.npy
7,stuttgart_000088_000019.png.npy
8,aachen_000155_000019.png.npy
9,bremen_000158_000019.png.npy
10,strasbourg_000001_029178.png.npy
11,strasbourg_000000_030941.png.npy
12,strasbourg_000001_030997.png.npy
13,strasbourg_000001_009471.png.npy
14,zurich_000113_000019.png.npy
15,weimar_000051_000019.png.npy
16,darmstadt_000017_000019.png.npy
17,strasbourg_000000_010372.png.npy
18,aachen_000012_000019.png.npy
19,stuttgart_000084_000019.png.npy
20,frankfurt_000001_043564.png.npy
21,dusseldorf_000094_000019.png.npy
22,hamburg_000000_015350.png.npy
23,erfurt_000039_000019.png.npy
24,strasbourg_000001_039374.png.npy
25,bremen_000105_000019.png.npy
26,hanover_000000_023276.png.npy
27,bremen_000194_000019.png.npy
28,hanover_000000_004646.png.npy
29,zurich_000085_000019.png.npy
30,frankfurt_000001_072295.png.npy
31,dusseldorf_000217_000019.png.npy
32,frankfurt_000001_032556.png.npy
33,strasbourg_000001_051877.png.npy
34,erfurt_000062_000019.png.npy
35,cologne_000067_000019.png.npy
36,tubingen_000123_000019.png.npy
37,dusseldorf_000147_000019.png.npy
38,stuttgart_000071_000019.png.npy
39,cologne_000138_000019.png.npy
40,weimar_000133_000019.png.npy
41,bremen_000212_000019.png.npy
42,ulm_000079_000019.png.npy
43,krefeld_000000_003707.png.npy
44,munster_000107_000019.png.npy
45,bremen_000059_000019.png.npy
46,bochum_000000_024343.png.npy
47,cologne_000151_000019.png.npy
48,frankfurt_000001_016273.png.npy
49,strasbourg_000001_057930.png.npy
50,stuttgart_000161_000019.png.npy
51,hanover_000000_026014.png.npy
52,bremen_000311_000019.png.npy
53,lindau_000043_000019.png.npy
54,strasbourg_000001_037906.png.npy
55,zurich_000014_000019.png.npy
56,bremen_000132_000019.png.npy
57,krefeld_000000_015494.png.npy
58,zurich_000061_000019.png.npy
59,bremen_000315_000019.png.npy
60,strasbourg_000000_028822.png.npy
61,hamburg_000000_038729.png.npy
62,aachen_000048_000019.png.npy
63,cologne_000065_000019.png.npy
64,jena_000078_000019.png.npy
65,strasbourg_000000_025089.png.npy
66,krefeld_000000_027596.png.npy
67,strasbourg_000001_051934.png.npy
68,frankfurt_000001_023769.png.npy
69,strasbourg_000000_021231.png.npy
70,dusseldorf_000111_000019.png.npy
71,strasbourg_000001_057129.png.npy
72,stuttgart_000075_000019.png.npy
73,weimar_000114_000019.png.npy
74,munster_000014_000019.png.npy
75,weimar_000031_000019.png.npy
76,zurich_000055_000019.png.npy
77,hamburg_000000_046872.png.npy
78,zurich_000063_000019.png.npy
79,aachen_000133_000019.png.npy
80,stuttgart_000055_000019.png.npy
81,lindau_000016_000019.png.npy
82,dusseldorf_000028_000019.png.npy
83,ulm_000047_000019.png.npy
84,zurich_000103_000019.png.npy
85,bremen_000167_000019.png.npy
86,frankfurt_000001_012038.png.npy
87,monchengladbach_000000_023856.png.npy
88,strasbourg_000001_026106.png.npy
89,munster_000158_000019.png.npy
90,hanover_000000_000712.png.npy
91,weimar_000101_000019.png.npy
92,lindau_000001_000019.png.npy
93,aachen_000015_000019.png.npy
94,dusseldorf_000151_000019.png.npy
95,frankfurt_000001_024927.png.npy
96,aachen_000049_000019.png.npy
97,erfurt_000007_000019.png.npy
98,zurich_000098_000019.png.npy
99,bremen_000078_000019.png.npy
100,munster_000157_000019.png.npy
101,monchengladbach_000000_013352.png.npy
102,stuttgart_000023_000019.png.npy
103,bremen_000297_000019.png.npy
104,strasbourg_000001_056142.png.npy
105,cologne_000056_000019.png.npy
106,zurich_000092_000019.png.npy
107,zurich_000069_000019.png.npy
108,ulm_000005_000019.png.npy
109,hamburg_000000_002095.png.npy
110,cologne_000131_000019.png.npy
111,jena_000097_000019.png.npy
112,krefeld_000000_000316.png.npy
113,dusseldorf_000074_000019.png.npy
114,stuttgart_000151_000019.png.npy
115,strasbourg_000001_058954.png.npy
116,bremen_000148_000019.png.npy
117,strasbourg_000000_028556.png.npy
118,weimar_000022_000019.png.npy
119,jena_000077_000019.png.npy
120,tubingen_000082_000019.png.npy
121,aachen_000082_000019.png.npy
122,hanover_000000_034141.png.npy
123,darmstadt_000025_000019.png.npy
124,frankfurt_000001_062509.png.npy
125,strasbourg_000001_063385.png.npy
126,strasbourg_000001_043080.png.npy
127,krefeld_000000_014673.png.npy
128,erfurt_000046_000019.png.npy
129,zurich_000006_000019.png.npy
130,munster_000082_000019.png.npy
131,jena_000076_000019.png.npy
132,dusseldorf_000106_000019.png.npy
133,bremen_000091_000019.png.npy
134,ulm_000030_000019.png.npy
135,strasbourg_000001_031976.png.npy
136,darmstadt_000049_000019.png.npy
137,munster_000150_000019.png.npy
138,strasbourg_000001_027097.png.npy
139,jena_000096_000019.png.npy
140,frankfurt_000001_055603.png.npy
141,dusseldorf_000085_000019.png.npy
142,strasbourg_000000_007813.png.npy
143,aachen_000010_000019.png.npy
144,strasbourg_000001_055273.png.npy
145,monchengladbach_000000_000383.png.npy
146,tubingen_000000_000019.png.npy
147,jena_000026_000019.png.npy
148,strasbourg_000001_051448.png.npy
149,cologne_000047_000019.png.npy
150,krefeld_000000_024921.png.npy
151,ulm_000000_000019.png.npy
152,munster_000164_000019.png.npy
153,bremen_000306_000019.png.npy
154,hamburg_000000_097086.png.npy
155,erfurt_000042_000019.png.npy
156,weimar_000108_000019.png.npy
157,dusseldorf_000186_000019.png.npy
158,hanover_000000_028202.png.npy
159,stuttgart_000149_000019.png.npy
160,bremen_000112_000019.png.npy
161,darmstadt_000053_000019.png.npy
162,strasbourg_000000_004248.png.npy
163,strasbourg_000001_011775.png.npy
164,monchengladbach_000000_028216.png.npy
165,hamburg_000000_104428.png.npy
166,krefeld_000000_017042.png.npy
167,dusseldorf_000117_000019.png.npy
168,aachen_000168_000019.png.npy
169,dusseldorf_000070_000019.png.npy
170,frankfurt_000001_009058.png.npy
171,frankfurt_000001_008688.png.npy
172,bremen_000090_000019.png.npy
173,bremen_000142_000019.png.npy
174,frankfurt_000000_012009.png.npy
175,weimar_000056_000019.png.npy
176,krefeld_000000_001908.png.npy
177,weimar_000085_000019.png.npy
178,stuttgart_000194_000019.png.npy
179,bochum_000000_031687.png.npy
180,stuttgart_000005_000019.png.npy
181,strasbourg_000001_030120.png.npy
182,dusseldorf_000191_000019.png.npy
183,zurich_000045_000019.png.npy
184,krefeld_000000_034686.png.npy
185,strasbourg_000001_063808.png.npy
186,strasbourg_000001_021951.png.npy
187,dusseldorf_000139_000019.png.npy
188,strasbourg_000001_026355.png.npy
189,munster_000079_000019.png.npy
190,munster_000103_000019.png.npy
191,cologne_000058_000019.png.npy
192,munster_000010_000019.png.npy
193,bremen_000241_000019.png.npy
194,strasbourg_000001_017675.png.npy
195,strasbourg_000000_010816.png.npy
196,bochum_000000_004229.png.npy
197,munster_000056_000019.png.npy
198,monchengladbach_000000_018445.png.npy
199,aachen_000050_000019.png.npy
200,dusseldorf_000100_000019.png.npy
201,strasbourg_000000_008677.png.npy
202,munster_000080_000019.png.npy
203,aachen_000081_000019.png.npy
204,munster_000133_000019.png.npy
205,darmstadt_000070_000019.png.npy
206,bremen_000038_000019.png.npy
207,hanover_000000_027650.png.npy
208,bremen_000196_000019.png.npy
209,hanover_000000_042255.png.npy
210,hamburg_000000_082301.png.npy
211,monchengladbach_000000_018575.png.npy
212,zurich_000082_000019.png.npy
213,bremen_000232_000019.png.npy
214,cologne_000030_000019.png.npy
215,ulm_000027_000019.png.npy
216,hanover_000000_048379.png.npy
217,lindau_000006_000019.png.npy
218,hamburg_000000_091038.png.npy
219,bremen_000082_000019.png.npy
220,hamburg_000000_003488.png.npy
221,strasbourg_000001_047336.png.npy
222,dusseldorf_000204_000019.png.npy
223,zurich_000107_000019.png.npy
224,frankfurt_000000_009969.png.npy
225,strasbourg_000001_057811.png.npy
226,jena_000061_000019.png.npy
227,frankfurt_000001_011162.png.npy
228,monchengladbach_000000_021663.png.npy
229,bremen_000271_000019.png.npy
230,bremen_000220_000019.png.npy
231,dusseldorf_000113_000019.png.npy
232,hanover_000000_027766.png.npy
233,hamburg_000000_059720.png.npy
234,cologne_000044_000019.png.npy
235,bremen_000107_000019.png.npy
236,bremen_000073_000019.png.npy
237,strasbourg_000000_029051.png.npy
238,bremen_000305_000019.png.npy
239,dusseldorf_000127_000019.png.npy
240,zurich_000076_000019.png.npy
241,bochum_000000_021070.png.npy
242,bochum_000000_024717.png.npy
243,frankfurt_000001_080830.png.npy
244,hamburg_000000_074267.png.npy
245,munster_000139_000019.png.npy
246,munster_000018_000019.png.npy
247,frankfurt_000001_043395.png.npy
248,strasbourg_000001_035562.png.npy
249,strasbourg_000001_053579.png.npy
250,erfurt_000001_000019.png.npy
251,stuttgart_000083_000019.png.npy
252,aachen_000143_000019.png.npy
253,tubingen_000085_000019.png.npy
254,hamburg_000000_062371.png.npy
255,bremen_000124_000019.png.npy
256,bremen_000250_000019.png.npy
257,strasbourg_000000_001278.png.npy
258,strasbourg_000000_018153.png.npy
259,ulm_000011_000019.png.npy
260,strasbourg_000001_017844.png.npy
261,strasbourg_000001_014629.png.npy
262,dusseldorf_000161_000019.png.npy
263,zurich_000091_000019.png.npy
264,munster_000114_000019.png.npy
265,weimar_000001_000019.png.npy
266,hamburg_000000_088197.png.npy
267,hanover_000000_047499.png.npy
268,weimar_000013_000019.png.npy
269,weimar_000066_000019.png.npy
270,cologne_000017_000019.png.npy
271,dusseldorf_000199_000019.png.npy
272,strasbourg_000001_005876.png.npy
273,munster_000003_000019.png.npy
274,hamburg_000000_054029.png.npy
275,strasbourg_000001_007148.png.npy
276,bochum_000000_009951.png.npy
277,frankfurt_000001_035864.png.npy
278,strasbourg_000001_024701.png.npy
279,aachen_000052_000019.png.npy
280,dusseldorf_000178_000019.png.npy
281,frankfurt_000000_001236.png.npy
282,hamburg_000000_073672.png.npy
283,frankfurt_000001_038245.png.npy
284,weimar_000012_000019.png.npy
285,bremen_000172_000019.png.npy
286,stuttgart_000191_000019.png.npy
287,hanover_000000_029455.png.npy
288,bochum_000000_024524.png.npy
289,zurich_000024_000019.png.npy
290,darmstadt_000078_000019.png.npy
291,stuttgart_000102_000019.png.npy
292,frankfurt_000001_005898.png.npy
293,weimar_000103_000019.png.npy
294,hanover_000000_007897.png.npy
295,strasbourg_000000_026998.png.npy
296,bremen_000242_000019.png.npy
297,hamburg_000000_069417.png.npy
298,monchengladbach_000000_036139.png.npy
299,bochum_000000_027951.png.npy
300,jena_000072_000019.png.npy
301,monchengladbach_000000_015928.png.npy
302,frankfurt_000000_005898.png.npy
303,bochum_000000_020899.png.npy
304,darmstadt_000035_000019.png.npy
305,bremen_000134_000019.png.npy
306,tubingen_000125_000019.png.npy
307,zurich_000079_000019.png.npy
308,dusseldorf_000184_000019.png.npy
309,munster_000004_000019.png.npy
310,ulm_000078_000019.png.npy
311,tubingen_000017_000019.png.npy
312,darmstadt_000043_000019.png.npy
313,erfurt_000025_000019.png.npy
314,bremen_000189_000019.png.npy
315,stuttgart_000140_000019.png.npy
316,stuttgart_000152_000019.png.npy
317,hamburg_000000_088054.png.npy
318,jena_000060_000019.png.npy
319,cologne_000095_000019.png.npy
320,monchengladbach_000000_010505.png.npy
321,cologne_000020_000019.png.npy
322,hanover_000000_027561.png.npy
323,munster_000070_000019.png.npy
324,zurich_000018_000019.png.npy
325,strasbourg_000001_011990.png.npy
326,stuttgart_000085_000019.png.npy
327,munster_000147_000019.png.npy
328,strasbourg_000000_025351.png.npy
329,dusseldorf_000018_000019.png.npy
330,bochum_000000_003005.png.npy
331,hanover_000000_040221.png.npy
332,bochum_000000_017216.png.npy
333,dusseldorf_000214_000019.png.npy
334,lindau_000056_000019.png.npy
335,bremen_000302_000019.png.npy
336,hanover_000000_030889.png.npy
337,stuttgart_000115_000019.png.npy
338,munster_000163_000019.png.npy
339,strasbourg_000001_052544.png.npy
340,monchengladbach_000000_001294.png.npy
341,bremen_000101_000019.png.npy
342,hamburg_000000_087216.png.npy
343,krefeld_000000_020933.png.npy
344,bremen_000231_000019.png.npy
345,hanover_000000_047629.png.npy
346,hamburg_000000_103367.png.npy
347,hamburg_000000_066988.png.npy
348,hamburg_000000_063698.png.npy
349,frankfurt_000001_041074.png.npy
350,stuttgart_000030_000019.png.npy
351,strasbourg_000000_000295.png.npy
352,aachen_000138_000019.png.npy
353,bochum_000000_015645.png.npy
354,frankfurt_000001_055306.png.npy
355,hanover_000000_055592.png.npy
356,bremen_000160_000019.png.npy
357,frankfurt_000001_057181.png.npy
358,strasbourg_000000_022067.png.npy
359,cologne_000092_000019.png.npy
360,weimar_000126_000019.png.npy
361,bochum_000000_021325.png.npy
362,bremen_000251_000019.png.npy
363,krefeld_000000_024362.png.npy
364,monchengladbach_000000_002478.png.npy
365,monchengladbach_000000_007851.png.npy
366,strasbourg_000000_025268.png.npy
367,jena_000039_000019.png.npy
368,stuttgart_000110_000019.png.npy
369,stuttgart_000095_000019.png.npy
370,cologne_000077_000019.png.npy
371,frankfurt_000001_068772.png.npy
372,frankfurt_000001_038645.png.npy
373,monchengladbach_000000_024243.png.npy
374,erfurt_000006_000019.png.npy
375,bochum_000000_023040.png.npy
376,frankfurt_000001_066092.png.npy
377,bremen_000089_000019.png.npy
378,weimar_000132_000019.png.npy
379,bremen_000173_000019.png.npy
380,ulm_000092_000019.png.npy
381,stuttgart_000046_000019.png.npy
382,weimar_000037_000019.png.npy
383,weimar_000135_000019.png.npy
384,hamburg_000000_054555.png.npy
385,hamburg_000000_048494.png.npy
386,strasbourg_000000_034040.png.npy
387,aachen_000111_000019.png.npy
388,erfurt_000069_000019.png.npy
389,aachen_000084_000019.png.npy
390,hanover_000000_049005.png.npy
391,hanover_000000_050228.png.npy
392,strasbourg_000000_034097.png.npy
393,munster_000083_000019.png.npy
394,zurich_000054_000019.png.npy
395,strasbourg_000001_034494.png.npy
396,erfurt_000066_000019.png.npy
397,aachen_000117_000019.png.npy
398,darmstadt_000033_000019.png.npy
399,hamburg_000000_070444.png.npy
400,ulm_000023_000019.png.npy
401,frankfurt_000001_020046.png.npy
402,hamburg_000000_080169.png.npy
403,hamburg_000000_001613.png.npy
404,tubingen_000048_000019.png.npy
405,strasbourg_000001_016481.png.npy
406,frankfurt_000001_057954.png.npy
407,frankfurt_000001_069633.png.npy
408,cologne_000105_000019.png.npy
409,strasbourg_000001_052840.png.npy
410,hamburg_000000_006322.png.npy
411,aachen_000121_000019.png.npy
412,weimar_000023_000019.png.npy
413,krefeld_000000_026269.png.npy
414,strasbourg_000000_029020.png.npy
415,bremen_000254_000019.png.npy
416,weimar_000097_000019.png.npy
417,bochum_000000_001097.png.npy
418,bremen_000209_000019.png.npy
419,strasbourg_000001_009618.png.npy
420,bremen_000146_000019.png.npy
421,aachen_000104_000019.png.npy
422,lindau_000038_000019.png.npy
423,bremen_000002_000019.png.npy
424,frankfurt_000001_003056.png.npy
425,frankfurt_000001_012699.png.npy
426,bremen_000151_000019.png.npy
427,darmstadt_000022_000019.png.npy
428,hamburg_000000_080438.png.npy
429,dusseldorf_000009_000019.png.npy
430,aachen_000035_000019.png.npy
431,stuttgart_000185_000019.png.npy
432,hanover_000000_053604.png.npy
433,krefeld_000000_026580.png.npy
434,strasbourg_000000_002183.png.npy
435,dusseldorf_000188_000019.png.npy
436,strasbourg_000001_004106.png.npy
437,zurich_000001_000019.png.npy
438,bremen_000015_000019.png.npy
439,jena_000094_000019.png.npy
440,hanover_000000_005732.png.npy
441,krefeld_000000_030221.png.npy
442,aachen_000005_000019.png.npy
443,zurich_000099_000019.png.npy
444,frankfurt_000001_007285.png.npy
445,dusseldorf_000121_000019.png.npy
446,strasbourg_000001_007524.png.npy
447,bremen_000094_000019.png.npy
448,monchengladbach_000000_006169.png.npy
449,krefeld_000000_004608.png.npy
450,aachen_000114_000019.png.npy
451,hamburg_000000_090742.png.npy
452,cologne_000066_000019.png.npy
453,stuttgart_000119_000019.png.npy
454,cologne_000146_000019.png.npy
455,hanover_000000_053437.png.npy
456,cologne_000142_000019.png.npy
457,hanover_000000_004752.png.npy
458,ulm_000081_000019.png.npy
459,weimar_000088_000019.png.npy
460,darmstadt_000011_000019.png.npy
461,tubingen_000112_000019.png.npy
462,stuttgart_000127_000019.png.npy
463,dusseldorf_000068_000019.png.npy
464,krefeld_000000_016342.png.npy
465,strasbourg_000001_000710.png.npy
466,strasbourg_000001_050098.png.npy
467,monchengladbach_000000_019901.png.npy
468,bremen_000137_000019.png.npy
469,frankfurt_000001_068682.png.npy
470,bremen_000001_000019.png.npy
471,darmstadt_000039_000019.png.npy
472,darmstadt_000018_000019.png.npy
473,stuttgart_000176_000019.png.npy
474,weimar_000115_000019.png.npy
475,weimar_000060_000019.png.npy
476,strasbourg_000001_014258.png.npy
477,dusseldorf_000017_000019.png.npy
478,bremen_000246_000019.png.npy
479,monchengladbach_000000_019500.png.npy
480,bremen_000033_000019.png.npy
481,cologne_000132_000019.png.npy
482,munster_000115_000019.png.npy
483,dusseldorf_000073_000019.png.npy
484,strasbourg_000001_056857.png.npy
485,bremen_000180_000019.png.npy
486,munster_000130_000019.png.npy
487,frankfurt_000000_013067.png.npy
488,hamburg_000000_024251.png.npy
489,frankfurt_000001_029086.png.npy
490,stuttgart_000058_000019.png.npy
491,dusseldorf_000087_000019.png.npy
492,hamburg_000000_096063.png.npy
493,zurich_000090_000019.png.npy
494,frankfurt_000001_032711.png.npy
495,ulm_000006_000019.png.npy
496,frankfurt_000001_055172.png.npy
497,aachen_000059_000019.png.npy
498,cologne_000054_000019.png.npy
499,strasbourg_000001_036480.png.npy
500,strasbourg_000001_049399.png.npy
501,hamburg_000000_102379.png.npy
502,tubingen_000090_000019.png.npy
503,stuttgart_000132_000019.png.npy
504,tubingen_000108_000019.png.npy
505,strasbourg_000000_016436.png.npy
506,bochum_000000_007150.png.npy
507,strasbourg_000001_003159.png.npy
508,stuttgart_000154_000019.png.npy
509,hanover_000000_056800.png.npy
510,hanover_000000_008200.png.npy
511,bremen_000234_000019.png.npy
512,bochum_000000_026634.png.npy
513,strasbourg_000001_039703.png.npy
514,hanover_000000_034015.png.npy
515,erfurt_000026_000019.png.npy
516,jena_000055_000019.png.npy
517,hamburg_000000_086499.png.npy
518,frankfurt_000001_042384.png.npy
519,aachen_000107_000019.png.npy
520,dusseldorf_000047_000019.png.npy
521,aachen_000085_000019.png.npy
522,aachen_000028_000019.png.npy
523,hamburg_000000_028056.png.npy
524,zurich_000070_000019.png.npy
525,krefeld_000000_005503.png.npy
526,munster_000166_000019.png.npy
527,frankfurt_000001_004327.png.npy
528,hanover_000000_012675.png.npy
529,tubingen_000035_000019.png.npy
530,bremen_000289_000019.png.npy
531,strasbourg_000001_036232.png.npy
532,strasbourg_000001_049143.png.npy
533,lindau_000026_000019.png.npy
534,dusseldorf_000180_000019.png.npy
535,zurich_000041_000019.png.npy
536,cologne_000007_000019.png.npy
537,krefeld_000000_032614.png.npy
538,aachen_000029_000019.png.npy
539,hanover_000000_007780.png.npy
540,erfurt_000078_000019.png.npy
541,frankfurt_000001_047178.png.npy
542,darmstadt_000005_000019.png.npy
543,munster_000112_000019.png.npy
544,bochum_000000_019188.png.npy
545,weimar_000062_000019.png.npy
546,strasbourg_000000_032186.png.npy
547,dusseldorf_000078_000019.png.npy
548,jena_000052_000019.png.npy
549,tubingen_000019_000019.png.npy
550,aachen_000128_000019.png.npy
551,frankfurt_000001_028232.png.npy
552,hamburg_000000_026675.png.npy
553,hanover_000000_010403.png.npy
554,tubingen_000010_000019.png.npy
555,bochum_000000_027699.png.npy
556,bremen_000207_000019.png.npy
557,dusseldorf_000026_000019.png.npy
558,bochum_000000_001828.png.npy
559,strasbourg_000000_016311.png.npy
560,dusseldorf_000137_000019.png.npy
561,frankfurt_000001_046779.png.npy
562,hanover_000000_034720.png.npy
563,frankfurt_000000_017228.png.npy
564,zurich_000004_000019.png.npy
565,cologne_000029_000019.png.npy
566,strasbourg_000000_000065.png.npy
567,bremen_000272_000019.png.npy
568,bochum_000000_023648.png.npy
569,aachen_000152_000019.png.npy
570,stuttgart_000159_000019.png.npy
571,hamburg_000000_069096.png.npy
572,tubingen_000139_000019.png.npy
573,erfurt_000104_000019.png.npy
574,hamburg_000000_045908.png.npy
575,strasbourg_000001_005219.png.npy
576,frankfurt_000001_061763.png.npy
577,weimar_000074_000019.png.npy
578,hamburg_000000_063403.png.npy
579,strasbourg_000001_040981.png.npy
580,zurich_000029_000019.png.npy
581,frankfurt_000000_016005.png.npy
582,munster_000124_000019.png.npy
583,strasbourg_000001_037776.png.npy
584,stuttgart_000027_000019.png.npy
585,hanover_000000_031856.png.npy
586,bremen_000227_000019.png.npy
587,monchengladbach_000000_030010.png.npy
588,zurich_000084_000019.png.npy
589,jena_000035_000019.png.npy
590,erfurt_000047_000019.png.npy
591,hamburg_000000_013577.png.npy
592,bochum_000000_021393.png.npy
593,hamburg_000000_047390.png.npy
594,bremen_000259_000019.png.npy
595,strasbourg_000001_058105.png.npy
596,aachen_000126_000019.png.npy
597,aachen_000069_000019.png.npy
598,cologne_000013_000019.png.npy
599,cologne_000071_000019.png.npy
600,strasbourg_000000_023694.png.npy
601,hamburg_000000_033506.png.npy
602,stuttgart_000072_000019.png.npy
603,cologne_000122_000019.png.npy
604,strasbourg_000000_017159.png.npy
605,munster_000029_000019.png.npy
606,weimar_000034_000019.png.npy
607,erfurt_000080_000019.png.npy
608,strasbourg_000000_030017.png.npy
609,tubingen_000037_000019.png.npy
610,cologne_000148_000019.png.npy
611,erfurt_000033_000019.png.npy
612,hamburg_000000_062964.png.npy
613,weimar_000106_000019.png.npy
614,munster_000065_000019.png.npy
615,zurich_000101_000019.png.npy
616,darmstadt_000073_000019.png.npy
617,frankfurt_000001_002512.png.npy
618,stuttgart_000089_000019.png.npy
619,bremen_000233_000019.png.npy
620,hanover_000000_023239.png.npy
621,strasbourg_000001_065572.png.npy
622,hanover_000000_022645.png.npy
623,strasbourg_000001_029980.png.npy
624,frankfurt_000000_009291.png.npy
625,hamburg_000000_078579.png.npy
626,frankfurt_000000_008206.png.npy
627,frankfurt_000001_010600.png.npy
628,erfurt_000100_000019.png.npy
629,strasbourg_000001_038281.png.npy
630,tubingen_000092_000019.png.npy
631,stuttgart_000073_000019.png.npy
632,dusseldorf_000060_000019.png.npy
633,hamburg_000000_049558.png.npy
634,munster_000032_000019.png.npy
635,hanover_000000_031144.png.npy
636,ulm_000064_000019.png.npy
637,bochum_000000_014803.png.npy
638,hanover_000000_052013.png.npy
639,frankfurt_000001_005184.png.npy
640,tubingen_000104_000019.png.npy
641,ulm_000077_000019.png.npy
642,hamburg_000000_101724.png.npy
643,bremen_000053_000019.png.npy
644,jena_000065_000019.png.npy
645,bremen_000120_000019.png.npy
646,cologne_000011_000019.png.npy
647,monchengladbach_000000_005876.png.npy
648,bremen_000043_000019.png.npy
649,munster_000044_000019.png.npy
650,hamburg_000000_080674.png.npy
651,jena_000003_000019.png.npy
652,aachen_000019_000019.png.npy
653,bochum_000000_030913.png.npy
654,strasbourg_000000_013223.png.npy
655,frankfurt_000001_008200.png.npy
656,krefeld_000000_008239.png.npy
657,ulm_000072_000019.png.npy
658,bremen_000114_000019.png.npy
659,tubingen_000056_000019.png.npy
660,munster_000085_000019.png.npy
661,zurich_000053_000019.png.npy
662,munster_000081_000019.png.npy
663,zurich_000064_000019.png.npy
664,stuttgart_000090_000019.png.npy
665,stuttgart_000040_000019.png.npy
666,lindau_000020_000019.png.npy
667,zurich_000052_000019.png.npy
668,bremen_000169_000019.png.npy
669,aachen_000156_000019.png.npy
670,frankfurt_000001_054219.png.npy
671,monchengladbach_000000_007098.png.npy
672,ulm_000070_000019.png.npy
673,frankfurt_000001_010444.png.npy
674,zurich_000059_000019.png.npy
675,hamburg_000000_014030.png.npy
676,zurich_000104_000019.png.npy
677,tubingen_000088_000019.png.npy
678,erfurt_000031_000019.png.npy
679,hanover_000000_005175.png.npy
680,bremen_000036_000019.png.npy
681,stuttgart_000099_000019.png.npy
682,munster_000100_000019.png.npy
683,tubingen_000060_000019.png.npy
684,frankfurt_000001_076502.png.npy
685,tubingen_000129_000019.png.npy
686,jena_000022_000019.png.npy
687,lindau_000012_000019.png.npy
688,strasbourg_000000_026611.png.npy
689,munster_000165_000019.png.npy
690,stuttgart_000016_000019.png.npy
691,jena_000014_000019.png.npy
692,bremen_000150_000019.png.npy
693,tubingen_000141_000019.png.npy
694,tubingen_000142_000019.png.npy
695,strasbourg_000001_033925.png.npy
696,munster_000128_000019.png.npy
697,aachen_000054_000019.png.npy
698,weimar_000016_000019.png.npy
699,krefeld_000000_013139.png.npy
700,frankfurt_000001_083199.png.npy
701,stuttgart_000053_000019.png.npy
702,weimar_000041_000019.png.npy
703,hanover_000000_046646.png.npy
704,zurich_000021_000019.png.npy
705,zurich_000072_000019.png.npy
706,tubingen_000081_000019.png.npy
707,bremen_000314_000019.png.npy
708,frankfurt_000001_042733.png.npy
709,bremen_000267_000019.png.npy
710,frankfurt_000000_010351.png.npy
711,krefeld_000000_024604.png.npy
712,hamburg_000000_085321.png.npy
713,stuttgart_000126_000019.png.npy
714,hanover_000000_019938.png.npy
715,bremen_000263_000019.png.npy
716,cologne_000129_000019.png.npy
717,weimar_000006_000019.png.npy
718,ulm_000073_000019.png.npy
719,frankfurt_000001_017101.png.npy
720,hamburg_000000_104857.png.npy
721,bremen_000262_000019.png.npy
722,strasbourg_000001_016376.png.npy
723,bremen_000127_000019.png.npy
724,tubingen_000026_000019.png.npy
725,frankfurt_000001_058914.png.npy
726,strasbourg_000001_011617.png.npy
727,zurich_000039_000019.png.npy
728,bremen_000186_000019.png.npy
729,aachen_000026_000019.png.npy
730,krefeld_000000_030701.png.npy
731,strasbourg_000000_017593.png.npy
732,hamburg_000000_053776.png.npy
733,monchengladbach_000000_034621.png.npy
734,strasbourg_000000_005912.png.npy
735,aachen_000083_000019.png.npy
736,jena_000005_000019.png.npy
737,monchengladbach_000000_028563.png.npy
738,erfurt_000010_000019.png.npy
739,bremen_000096_000019.png.npy
740,dusseldorf_000080_000019.png.npy
741,strasbourg_000001_061472.png.npy
742,bremen_000131_000019.png.npy
743,bochum_000000_016125.png.npy
744,hamburg_000000_030279.png.npy
745,erfurt_000004_000019.png.npy
746,frankfurt_000001_019969.png.npy
747,strasbourg_000000_029729.png.npy
748,bremen_000147_000019.png.npy
749,hamburg_000000_105724.png.npy
750,bremen_000061_000019.png.npy
751,cologne_000089_000019.png.npy
752,cologne_000037_000019.png.npy
753,weimar_000011_000019.png.npy
754,tubingen_000067_000019.png.npy
755,hamburg_000000_095561.png.npy
756,aachen_000023_000019.png.npy
757,tubingen_000138_000019.png.npy
758,ulm_000054_000019.png.npy
759,aachen_000092_000019.png.npy
760,strasbourg_000001_043886.png.npy
761,bremen_000163_000019.png.npy
762,bremen_000307_000019.png.npy
763,dusseldorf_000103_000019.png.npy
764,frankfurt_000001_041664.png.npy
765,hamburg_000000_054220.png.npy
766,strasbourg_000000_026575.png.npy
767,munster_000097_000019.png.npy
768,zurich_000040_000019.png.npy
769,hamburg_000000_018878.png.npy
770,erfurt_000054_000019.png.npy
771,stuttgart_000182_000019.png.npy
772,strasbourg_000000_035942.png.npy
773,munster_000126_000019.png.npy
774,strasbourg_000001_064393.png.npy
775,ulm_000063_000019.png.npy
776,hamburg_000000_074139.png.npy
777,jena_000000_000019.png.npy
778,munster_000009_000019.png.npy
779,bremen_000303_000019.png.npy
780,stuttgart_000069_000019.png.npy
781,strasbourg_000000_030706.png.npy
782,dusseldorf_000048_000019.png.npy
783,erfurt_000089_000019.png.npy
784,strasbourg_000000_010049.png.npy
785,hanover_000000_046954.png.npy
786,hamburg_000000_098061.png.npy
787,jena_000008_000019.png.npy
788,krefeld_000000_009926.png.npy
789,stuttgart_000187_000019.png.npy
790,bremen_000269_000019.png.npy
791,munster_000076_000019.png.npy
792,weimar_000125_000019.png.npy
793,ulm_000094_000019.png.npy
794,jena_000116_000019.png.npy
795,hamburg_000000_047108.png.npy
796,weimar_000052_000019.png.npy
797,erfurt_000082_000019.png.npy
798,bochum_000000_009554.png.npy
799,dusseldorf_000054_000019.png.npy
800,munster_000135_000019.png.npy
801,strasbourg_000001_061685.png.npy
802,frankfurt_000001_063045.png.npy
803,frankfurt_000001_075984.png.npy
804,munster_000057_000019.png.npy
805,tubingen_000102_000019.png.npy
806,ulm_000038_000019.png.npy
807,strasbourg_000001_042869.png.npy
808,aachen_000166_000019.png.npy
809,stuttgart_000092_000019.png.npy
810,erfurt_000103_000019.png.npy
811,dusseldorf_000138_000019.png.npy
812,stuttgart_000135_000019.png.npy
813,strasbourg_000001_019247.png.npy
814,bremen_000274_000019.png.npy
815,frankfurt_000001_029236.png.npy
816,strasbourg_000000_025772.png.npy
817,krefeld_000000_020873.png.npy
818,aachen_000131_000019.png.npy
819,ulm_000062_000019.png.npy
820,stuttgart_000026_000019.png.npy
821,darmstadt_000037_000019.png.npy
822,frankfurt_000001_040575.png.npy
823,bremen_000011_000019.png.npy
824,strasbourg_000001_015605.png.npy
825,munster_000116_000019.png.npy
826,dusseldorf_000126_000019.png.npy
827,strasbourg_000001_053222.png.npy
828,strasbourg_000001_023515.png.npy
829,hamburg_000000_078407.png.npy
830,monchengladbach_000000_020856.png.npy
831,bremen_000088_000019.png.npy
832,frankfurt_000001_009504.png.npy
833,darmstadt_000007_000019.png.npy
834,jena_000016_000019.png.npy
835,lindau_000005_000019.png.npy
836,hanover_000000_002140.png.npy
837,frankfurt_000001_066832.png.npy
838,frankfurt_000001_065160.png.npy
839,dusseldorf_000107_000019.png.npy
840,bremen_000008_000019.png.npy
841,zurich_000032_000019.png.npy
842,stuttgart_000032_000019.png.npy
843,krefeld_000000_029050.png.npy
844,hamburg_000000_029378.png.npy
845,hanover_000000_051059.png.npy
846,strasbourg_000001_059914.png.npy
847,stuttgart_000183_000019.png.npy
848,bremen_000128_000019.png.npy
849,krefeld_000000_007325.png.npy
850,jena_000013_000019.png.npy
851,monchengladbach_000000_009930.png.npy
852,dusseldorf_000197_000019.png.npy
853,cologne_000130_000019.png.npy
854,bremen_000260_000019.png.npy
855,monchengladbach_000001_000537.png.npy
856,bremen_000009_000019.png.npy
857,bremen_000273_000019.png.npy
858,krefeld_000000_006274.png.npy
859,strasbourg_000000_029339.png.npy
860,zurich_000017_000019.png.npy
861,krefeld_000000_010160.png.npy
862,strasbourg_000000_035713.png.npy
863,tubingen_000024_000019.png.npy
864,hanover_000000_052649.png.npy
865,hanover_000000_051536.png.npy
866,dusseldorf_000049_000019.png.npy
867,strasbourg_000001_009246.png.npy
868,darmstadt_000027_000019.png.npy
869,erfurt_000077_000019.png.npy
870,hamburg_000000_073999.png.npy
871,hamburg_000000_098862.png.npy
872,stuttgart_000039_000019.png.npy
873,stuttgart_000170_000019.png.npy
874,bremen_000179_000019.png.npy
875,aachen_000061_000019.png.npy
876,bremen_000205_000019.png.npy
877,zurich_000106_000019.png.npy
878,frankfurt_000000_013382.png.npy
879,bremen_000218_000019.png.npy
880,tubingen_000058_000019.png.npy
881,krefeld_000000_017342.png.npy
882,cologne_000015_000019.png.npy
883,hamburg_000000_092850.png.npy
884,zurich_000071_000019.png.npy
885,frankfurt_000001_014741.png.npy
886,dusseldorf_000119_000019.png.npy
887,hamburg_000000_025802.png.npy
888,aachen_000148_000019.png.npy
889,strasbourg_000001_043748.png.npy
890,strasbourg_000001_018872.png.npy
891,darmstadt_000081_000019.png.npy
892,weimar_000000_000019.png.npy
893,monchengladbach_000000_033454.png.npy
894,krefeld_000000_018747.png.npy
895,cologne_000109_000019.png.npy
896,dusseldorf_000011_000019.png.npy
897,weimar_000043_000019.png.npy
898,bremen_000070_000019.png.npy
899,frankfurt_000001_066574.png.npy
900,strasbourg_000001_039231.png.npy
901,strasbourg_000001_039446.png.npy
902,hamburg_000000_019892.png.npy
903,munster_000171_000019.png.npy
904,monchengladbach_000000_012672.png.npy
905,strasbourg_000001_060173.png.npy
906,munster_000062_000019.png.npy
907,monchengladbach_000000_029240.png.npy
908,stuttgart_000184_000019.png.npy
909,jena_000074_000019.png.npy
910,hanover_000000_026804.png.npy
911,erfurt_000050_000019.png.npy
912,frankfurt_000001_041354.png.npy
913,bochum_000000_036606.png.npy
914,strasbourg_000001_052050.png.npy
915,frankfurt_000001_007622.png.npy
916,krefeld_000000_027075.png.npy
917,cologne_000111_000019.png.npy
918,bremen_000222_000019.png.npy
919,tubingen_000126_000019.png.npy
920,strasbourg_000001_030539.png.npy
921,frankfurt_000001_025921.png.npy
922,lindau_000024_000019.png.npy
923,hanover_000000_040051.png.npy
924,bremen_000034_000019.png.npy
925,zurich_000007_000019.png.npy
926,strasbourg_000000_014235.png.npy
927,jena_000033_000019.png.npy
928,strasbourg_000001_032315.png.npy
929,zurich_000033_000019.png.npy
930,bremen_000279_000019.png.npy
931,krefeld_000000_010329.png.npy
932,strasbourg_000000_015764.png.npy
933,dusseldorf_000034_000019.png.npy
934,strasbourg_000000_022489.png.npy
935,hanover_000000_056142.png.npy
936,dusseldorf_000219_000019.png.npy
937,hamburg_000000_042885.png.npy
938,hamburg_000000_042505.png.npy
939,munster_000099_000019.png.npy
940,stuttgart_000157_000019.png.npy
941,lindau_000000_000019.png.npy
942,stuttgart_000021_000019.png.npy
943,munster_000068_000019.png.npy
944,darmstadt_000006_000019.png.npy
945,aachen_000086_000019.png.npy
946,frankfurt_000000_001751.png.npy
947,erfurt_000098_000019.png.npy
948,weimar_000094_000019.png.npy
949,aachen_000020_000019.png.npy
950,jena_000100_000019.png.npy
951,lindau_000054_000019.png.npy
952,hanover_000000_049465.png.npy
953,aachen_000119_000019.png.npy
954,hanover_000000_052887.png.npy
955,munster_000159_000019.png.npy
956,ulm_000082_000019.png.npy
957,monchengladbach_000000_031360.png.npy
958,stuttgart_000074_000019.png.npy
959,jena_000019_000019.png.npy
960,stuttgart_000033_000019.png.npy
961,tubingen_000143_000019.png.npy
962,ulm_000037_000019.png.npy
963,erfurt_000101_000019.png.npy
964,hamburg_000000_002338.png.npy
965,strasbourg_000000_025491.png.npy
966,tubingen_000008_000019.png.npy
967,frankfurt_000001_039895.png.npy
968,bremen_000239_000019.png.npy
969,aachen_000129_000019.png.npy
970,jena_000067_000019.png.npy
971,zurich_000110_000019.png.npy
972,hanover_000000_042382.png.npy
973,tubingen_000057_000019.png.npy
974,erfurt_000099_000019.png.npy
975,krefeld_000000_009404.png.npy
976,hanover_000000_052512.png.npy
977,ulm_000008_000019.png.npy
978,weimar_000083_000019.png.npy
979,stuttgart_000057_000019.png.npy
980,munster_000136_000019.png.npy
981,hanover_000000_043550.png.npy
982,darmstadt_000080_000019.png.npy
983,munster_000120_000019.png.npy
984,zurich_000057_000019.png.npy
985,strasbourg_000000_016024.png.npy
986,bochum_000000_008162.png.npy
987,hanover_000000_048274.png.npy
988,hanover_000000_034347.png.npy
989,hanover_000000_014319.png.npy
990,bochum_000000_020776.png.npy
991,darmstadt_000083_000019.png.npy
992,cologne_000150_000019.png.npy
993,tubingen_000091_000019.png.npy
994,monchengladbach_000000_007695.png.npy
995,bremen_000238_000019.png.npy
996,hanover_000000_026183.png.npy
997,cologne_000079_000019.png.npy
998,dusseldorf_000157_000019.png.npy
999,frankfurt_000001_037705.png.npy
1000,hamburg_000000_073758.png.npy
1001,zurich_000050_000019.png.npy
1002,krefeld_000000_030400.png.npy
1003,cologne_000034_000019.png.npy
1004,jena_000012_000019.png.npy
1005,munster_000089_000019.png.npy
1006,weimar_000105_000019.png.npy
1007,frankfurt_000001_060135.png.npy
1008,hamburg_000000_053886.png.npy
1009,dusseldorf_000015_000019.png.npy
1010,munster_000132_000019.png.npy
1011,strasbourg_000000_034387.png.npy
1012,bremen_000097_000019.png.npy
1013,krefeld_000000_028378.png.npy
1014,frankfurt_000001_002646.png.npy
1015,frankfurt_000000_005543.png.npy
1016,aachen_000089_000019.png.npy
1017,bochum_000000_015880.png.npy
1018,zurich_000036_000019.png.npy
1019,strasbourg_000001_052497.png.npy
1020,bremen_000282_000019.png.npy
1021,ulm_000052_000019.png.npy
1022,bremen_000085_000019.png.npy
1023,dusseldorf_000076_000019.png.npy
1024,tubingen_000110_000019.png.npy
1025,dusseldorf_000206_000019.png.npy
1026,weimar_000025_000019.png.npy
1027,hamburg_000000_077927.png.npy
1028,frankfurt_000001_067474.png.npy
1029,hamburg_000000_069289.png.npy
1030,aachen_000161_000019.png.npy
1031,strasbourg_000001_007864.png.npy
1032,hamburg_000000_093325.png.npy
1033,jena_000050_000019.png.npy
1034,strasbourg_000000_013654.png.npy
1035,lindau_000028_000019.png.npy
1036,bremen_000023_000019.png.npy
1037,ulm_000086_000019.png.npy
1038,weimar_000091_000019.png.npy
1039,aachen_000109_000019.png.npy
1040,cologne_000126_000019.png.npy
1041,cologne_000125_000019.png.npy
1042,bremen_000138_000019.png.npy
1043,aachen_000047_000019.png.npy
1044,stuttgart_000038_000019.png.npy
1045,krefeld_000000_014146.png.npy
1046,strasbourg_000001_006386.png.npy
1047,jena_000004_000019.png.npy
1048,strasbourg_000001_062362.png.npy
1049,frankfurt_000001_082466.png.npy
1050,dusseldorf_000046_000019.png.npy
1051,frankfurt_000000_003920.png.npy
1052,frankfurt_000001_031416.png.npy
1053,strasbourg_000001_004983.png.npy
1054,cologne_000048_000019.png.npy
1055,hamburg_000000_019373.png.npy
1056,dusseldorf_000104_000019.png.npy
1057,cologne_000031_000019.png.npy
1058,krefeld_000000_009574.png.npy
1059,stuttgart_000087_000019.png.npy
1060,stuttgart_000139_000019.png.npy
1061,bochum_000000_018195.png.npy
1062,bremen_000176_000019.png.npy
1063,hanover_000000_051152.png.npy
1064,frankfurt_000001_013710.png.npy
1065,erfurt_000036_000019.png.npy
1066,krefeld_000000_018514.png.npy
1067,frankfurt_000000_021879.png.npy
1068,bremen_000235_000019.png.npy
1069,dusseldorf_000142_000019.png.npy
1070,bremen_000157_000019.png.npy
1071,weimar_000141_000019.png.npy
1072,bremen_000266_000019.png.npy
1073,hanover_000000_045188.png.npy
1074,hanover_000000_016038.png.npy
1075,bremen_000042_000019.png.npy
1076,frankfurt_000000_004617.png.npy
1077,strasbourg_000000_019050.png.npy
1078,cologne_000082_000019.png.npy
1079,dusseldorf_000003_000019.png.npy
1080,strasbourg_000000_020432.png.npy
1081,frankfurt_000001_051516.png.npy
1082,krefeld_000000_003937.png.npy
1083,monchengladbach_000000_002255.png.npy
1084,darmstadt_000050_000019.png.npy
1085,hamburg_000000_074694.png.npy
1086,cologne_000114_000019.png.npy
1087,bremen_000223_000019.png.npy
1088,hanover_000000_026356.png.npy
1089,hamburg_000000_103075.png.npy
1090,bremen_000031_000019.png.npy
1091,weimar_000003_000019.png.npy
1092,frankfurt_000001_016029.png.npy
1093,zurich_000108_000019.png.npy
1094,bochum_000000_006484.png.npy
1095,strasbourg_000001_031683.png.npy
1096,hamburg_000000_077642.png.npy
1097,darmstadt_000015_000019.png.npy
1098,frankfurt_000001_028590.png.npy
1099,bremen_000283_000019.png.npy
1100,bochum_000000_022414.png.npy
1101,aachen_000063_000019.png.npy
1102,strasbourg_000001_005289.png.npy
1103,ulm_000042_000019.png.npy
1104,frankfurt_000001_038418.png.npy
1105,dusseldorf_000211_000019.png.npy
1106,darmstadt_000074_000019.png.npy
1107,aachen_000093_000019.png.npy
1108,cologne_000075_000019.png.npy
1109,tubingen_000033_000019.png.npy
1110,bremen_000249_000019.png.npy
1111,darmstadt_000048_000019.png.npy
1112,munster_000020_000019.png.npy
1113,zurich_000081_000019.png.npy
1114,frankfurt_000001_004736.png.npy
1115,bremen_000068_000019.png.npy
1116,dusseldorf_000115_000019.png.npy
1117,munster_000146_000019.png.npy
1118,strasbourg_000000_019229.png.npy
1119,munster_000155_000019.png.npy
1120,strasbourg_000000_016247.png.npy
1121,aachen_000040_000019.png.npy
1122,jena_000018_000019.png.npy
1123,aachen_000001_000019.png.npy
1124,frankfurt_000001_025512.png.npy
1125,zurich_000086_000019.png.npy
1126,erfurt_000034_000019.png.npy
1127,erfurt_000032_000019.png.npy
1128,cologne_000144_000019.png.npy
1129,strasbourg_000000_023064.png.npy
1130,dusseldorf_000050_000019.png.npy
1131,stuttgart_000142_000019.png.npy
1132,erfurt_000096_000019.png.npy
1133,jena_000051_000019.png.npy
1134,aachen_000091_000019.png.npy
1135,jena_000103_000019.png.npy
1136,ulm_000050_000019.png.npy
1137,strasbourg_000001_034375.png.npy
1138,zurich_000028_000019.png.npy
1139,dusseldorf_000216_000019.png.npy
1140,hamburg_000000_036003.png.npy
1141,erfurt_000092_000019.png.npy
1142,bremen_000024_000019.png.npy
1143,monchengladbach_000001_000054.png.npy
1144,weimar_000049_000019.png.npy
1145,darmstadt_000001_000019.png.npy
1146,strasbourg_000001_009333.png.npy
1147,strasbourg_000001_055698.png.npy
1148,monchengladbach_000000_020303.png.npy
1149,strasbourg_000000_007441.png.npy
1150,stuttgart_000013_000019.png.npy
1151,bremen_000140_000019.png.npy
1152,zurich_000066_000019.png.npy
1153,strasbourg_000001_023271.png.npy
1154,frankfurt_000001_064651.png.npy
1155,hanover_000000_014537.png.npy
1156,monchengladbach_000001_001531.png.npy
1157,tubingen_000040_000019.png.npy
1158,munster_000117_000019.png.npy
1159,bochum_000000_008448.png.npy
1160,strasbourg_000001_006916.png.npy
1161,weimar_000079_000019.png.npy
1162,tubingen_000084_000019.png.npy
1163,bochum_000000_006746.png.npy
1164,bremen_000248_000019.png.npy
1165,hanover_000000_043102.png.npy
1166,monchengladbach_000000_034930.png.npy
1167,hamburg_000000_081299.png.npy
1168,munster_000059_000019.png.npy
1169,aachen_000127_000019.png.npy
1170,munster_000075_000019.png.npy
1171,strasbourg_000000_024179.png.npy
1172,stuttgart_000192_000019.png.npy
1173,weimar_000004_000019.png.npy
1174,jena_000098_000019.png.npy
1175,bremen_000298_000019.png.npy
1176,bremen_000113_000019.png.npy
1177,aachen_000034_000019.png.npy
1178,hamburg_000000_000629.png.npy
1179,bochum_000000_032169.png.npy
1180,bremen_000185_000019.png.npy
1181,dusseldorf_000038_000019.png.npy
1182,munster_000143_000019.png.npy
1183,dusseldorf_000072_000019.png.npy
1184,cologne_000093_000019.png.npy
1185,bremen_000201_000019.png.npy
1186,bremen_000110_000019.png.npy
1187,bremen_000257_000019.png.npy
1188,weimar_000039_000019.png.npy
1189,stuttgart_000008_000019.png.npy
1190,munster_000047_000019.png.npy
1191,weimar_000095_000019.png.npy
1192,hanover_000000_035768.png.npy
1193,darmstadt_000064_000019.png.npy
1194,hanover_000000_037039.png.npy
1195,frankfurt_000001_077092.png.npy
1196,monchengladbach_000000_032540.png.npy
1197,strasbourg_000001_056330.png.npy
1198,tubingen_000032_000019.png.npy
1199,strasbourg_000001_045135.png.npy
1200,ulm_000035_000019.png.npy
1201,erfurt_000086_000019.png.npy
1202,munster_000127_000019.png.npy
1203,frankfurt_000001_019698.png.npy
1204,dusseldorf_000108_000019.png.npy
1205,monchengladbach_000000_035083.png.npy
1206,stuttgart_000121_000019.png.npy
1207,aachen_000007_000019.png.npy
1208,frankfurt_000001_050686.png.npy
1209,strasbourg_000000_033838.png.npy
1210,hanover_000000_045004.png.npy
1211,frankfurt_000000_011074.png.npy
1212,bremen_000177_000019.png.npy
1213,bremen_000204_000019.png.npy
1214,tubingen_000127_000019.png.npy
1215,bremen_000051_000019.png.npy
1216,bremen_000295_000019.png.npy
1217,hamburg_000000_032719.png.npy
1218,bremen_000081_000019.png.npy
1219,hamburg_000000_088983.png.npy
1220,strasbourg_000000_014584.png.npy
1221,bremen_000211_000019.png.npy
1222,cologne_000099_000019.png.npy
1223,hanover_000000_040133.png.npy
1224,munster_000152_000019.png.npy
1225,zurich_000075_000019.png.npy
1226,dusseldorf_000212_000019.png.npy
1227,dusseldorf_000195_000019.png.npy
1228,dusseldorf_000143_000019.png.npy
1229,bremen_000226_000019.png.npy
1230,bremen_000030_000019.png.npy
1231,jena_000109_000019.png.npy
1232,bremen_000164_000019.png.npy
1233,dusseldorf_000075_000019.png.npy
1234,zurich_000031_000019.png.npy
1235,erfurt_000030_000019.png.npy
1236,tubingen_000114_000019.png.npy
1237,dusseldorf_000170_000019.png.npy
1238,jena_000007_000019.png.npy
1239,monchengladbach_000001_000876.png.npy
1240,cologne_000051_000019.png.npy
1241,stuttgart_000078_000019.png.npy
1242,darmstadt_000084_000019.png.npy
1243,darmstadt_000038_000019.png.npy
1244,bremen_000004_000019.png.npy
1245,tubingen_000053_000019.png.npy
1246,strasbourg_000000_017450.png.npy
1247,zurich_000067_000019.png.npy
1248,hamburg_000000_004985.png.npy
1249,frankfurt_000001_072155.png.npy
1250,cologne_000119_000019.png.npy
1251,frankfurt_000001_054884.png.npy
1252,weimar_000124_000019.png.npy
1253,krefeld_000000_024276.png.npy
1254,bremen_000313_000019.png.npy
1255,aachen_000004_000019.png.npy
1256,tubingen_000049_000019.png.npy
1257,darmstadt_000059_000019.png.npy
1258,jena_000040_000019.png.npy
1259,frankfurt_000000_022254.png.npy
1260,aachen_000042_000019.png.npy
1261,frankfurt_000001_004859.png.npy
1262,tubingen_000140_000019.png.npy
1263,dusseldorf_000175_000019.png.npy
1264,frankfurt_000000_008451.png.npy
1265,hanover_000000_054965.png.npy
1266,hamburg_000000_057816.png.npy
1267,stuttgart_000037_000019.png.npy
1268,strasbourg_000001_026606.png.npy
1269,bremen_000063_000019.png.npy
1270,jena_000095_000019.png.npy
1271,frankfurt_000001_055062.png.npy
1272,frankfurt_000000_013240.png.npy
1273,munster_000026_000019.png.npy
1274,strasbourg_000001_042309.png.npy
1275,strasbourg_000000_026316.png.npy
1276,hamburg_000000_008494.png.npy
1277,lindau_000003_000019.png.npy
1278,stuttgart_000051_000019.png.npy
1279,strasbourg_000000_029281.png.npy
1280,weimar_000029_000019.png.npy
1281,dusseldorf_000130_000019.png.npy
1282,jena_000057_000019.png.npy
1283,strasbourg_000000_007727.png.npy
1284,ulm_000090_000019.png.npy
1285,erfurt_000073_000019.png.npy
1286,jena_000048_000019.png.npy
1287,aachen_000106_000019.png.npy
1288,zurich_000116_000019.png.npy
1289,jena_000117_000019.png.npy
1290,frankfurt_000001_049698.png.npy
1291,darmstadt_000045_000019.png.npy
1292,stuttgart_000020_000019.png.npy
1293,lindau_000022_000019.png.npy
1294,weimar_000009_000019.png.npy
1295,aachen_000079_000019.png.npy
1296,darmstadt_000031_000019.png.npy
1297,frankfurt_000000_002963.png.npy
1298,strasbourg_000000_014066.png.npy
1299,munster_000077_000019.png.npy
1300,hamburg_000000_051855.png.npy
1301,stuttgart_000045_000019.png.npy
1302,strasbourg_000001_012956.png.npy
1303,bochum_000000_016260.png.npy
1304,lindau_000025_000019.png.npy
1305,hamburg_000000_046619.png.npy
1306,bremen_000310_000019.png.npy
1307,bremen_000126_000019.png.npy
1308,munster_000106_000019.png.npy
1309,aachen_000062_000019.png.npy
1310,bochum_000000_013705.png.npy
1311,frankfurt_000000_012868.png.npy
1312,dusseldorf_000133_000019.png.npy
1313,strasbourg_000001_052430.png.npy
1314,bochum_000000_003245.png.npy
1315,darmstadt_000024_000019.png.npy
1316,stuttgart_000006_000019.png.npy
1317,strasbourg_000000_014416.png.npy
1318,dusseldorf_000185_000019.png.npy
1319,hanover_000000_006922.png.npy
1320,bremen_000014_000019.png.npy
1321,cologne_000116_000019.png.npy
1322,bremen_000197_000019.png.npy
1323,strasbourg_000000_014101.png.npy
1324,erfurt_000023_000019.png.npy
1325,hamburg_000000_047057.png.npy
1326,munster_000109_000019.png.npy
1327,aachen_000144_000019.png.npy
1328,frankfurt_000001_001464.png.npy
1329,cologne_000049_000019.png.npy
1330,darmstadt_000021_000019.png.npy
1331,stuttgart_000082_000019.png.npy
1332,munster_000049_000019.png.npy
1333,hanover_000000_056601.png.npy
1334,hamburg_000000_093787.png.npy
1335,bremen_000116_000019.png.npy
1336,strasbourg_000001_052297.png.npy
1337,weimar_000040_000019.png.npy
1338,weimar_000081_000019.png.npy
1339,hamburg_000000_039264.png.npy
1340,frankfurt_000001_067735.png.npy
1341,stuttgart_000124_000019.png.npy
1342,hamburg_000000_061790.png.npy
1343,frankfurt_000000_009561.png.npy
1344,frankfurt_000001_031266.png.npy
1345,krefeld_000000_019791.png.npy
1346,strasbourg_000000_030324.png.npy
1347,darmstadt_000068_000019.png.npy
1348,weimar_000026_000019.png.npy
1349,hamburg_000000_105296.png.npy
1350,monchengladbach_000000_018720.png.npy
1351,krefeld_000000_015687.png.npy
1352,strasbourg_000000_018616.png.npy
1353,stuttgart_000171_000019.png.npy
1354,cologne_000052_000019.png.npy
1355,tubingen_000031_000019.png.npy
1356,tubingen_000078_000019.png.npy
1357,frankfurt_000001_023369.png.npy
1358,darmstadt_000056_000019.png.npy
1359,aachen_000032_000019.png.npy
1360,bremen_000115_000019.png.npy
1361,darmstadt_000026_000019.png.npy
1362,munster_000000_000019.png.npy
1363,frankfurt_000001_064798.png.npy
1364,cologne_000115_000019.png.npy
1365,bochum_000000_021479.png.npy
1366,bremen_000100_000019.png.npy
1367,aachen_000036_000019.png.npy
1368,zurich_000060_000019.png.npy
1369,cologne_000136_000019.png.npy
1370,aachen_000103_000019.png.npy
1371,stuttgart_000044_000019.png.npy
1372,hamburg_000000_102574.png.npy
1373,aachen_000173_000019.png.npy
1374,erfurt_000021_000019.png.npy
1375,cologne_000061_000019.png.npy
1376,cologne_000003_000019.png.npy
1377,hamburg_000000_074545.png.npy
1378,bochum_000000_023174.png.npy
1379,frankfurt_000001_061682.png.npy
1380,dusseldorf_000041_000019.png.npy
1381,cologne_000026_000019.png.npy
1382,weimar_000071_000019.png.npy
1383,frankfurt_000001_062016.png.npy
1384,krefeld_000000_029704.png.npy
1385,hanover_000000_046732.png.npy
1386,dusseldorf_000082_000019.png.npy
1387,frankfurt_000001_044413.png.npy
1388,bochum_000000_013209.png.npy
1389,bremen_000270_000019.png.npy
1390,darmstadt_000032_000019.png.npy
1391,tubingen_000002_000019.png.npy
1392,tubingen_000083_000019.png.npy
1393,hanover_000000_019282.png.npy
1394,strasbourg_000001_008771.png.npy
1395,erfurt_000037_000019.png.npy
1396,bremen_000268_000019.png.npy
1397,dusseldorf_000152_000019.png.npy
1398,bochum_000000_000885.png.npy
1399,frankfurt_000001_068063.png.npy
1400,dusseldorf_000187_000019.png.npy
1401,hamburg_000000_083696.png.npy
1402,stuttgart_000007_000019.png.npy
1403,bremen_000170_000019.png.npy
1404,bochum_000000_038022.png.npy
1405,aachen_000153_000019.png.npy
1406,bremen_000192_000019.png.npy
1407,aachen_000120_000019.png.npy
1408,hanover_000000_033457.png.npy
1409,erfurt_000018_000019.png.npy
1410,strasbourg_000001_037645.png.npy
1411,hamburg_000000_103541.png.npy
1412,strasbourg_000000_006621.png.npy
1413,frankfurt_000001_064925.png.npy
1414,dusseldorf_000069_000019.png.npy
1415,krefeld_000000_027954.png.npy
1416,dusseldorf_000086_000019.png.npy
1417,hamburg_000000_047220.png.npy
1418,strasbourg_000000_025907.png.npy
1419,munster_000051_000019.png.npy
1420,frankfurt_000001_012519.png.npy
1421,monchengladbach_000000_009615.png.npy
1422,strasbourg_000001_047755.png.npy
1423,jena_000009_000019.png.npy
1424,jena_000031_000019.png.npy
1425,strasbourg_000000_028912.png.npy
1426,cologne_000022_000019.png.npy
1427,frankfurt_000000_020880.png.npy
1428,weimar_000092_000019.png.npy
1429,strasbourg_000001_031427.png.npy
1430,hamburg_000000_073314.png.npy
1431,hamburg_000000_089491.png.npy
1432,hamburg_000000_027304.png.npy
1433,dusseldorf_000091_000019.png.npy
1434,hamburg_000000_058591.png.npy
1435,aachen_000164_000019.png.npy
1436,munster_000172_000019.png.npy
1437,hamburg_000000_098616.png.npy
1438,jena_000058_000019.png.npy
1439,dusseldorf_000112_000019.png.npy
1440,strasbourg_000001_060061.png.npy
1441,stuttgart_000042_000019.png.npy
1442,tubingen_000034_000019.png.npy
1443,frankfurt_000001_021406.png.npy
1444,ulm_000039_000019.png.npy
1445,bremen_000104_000019.png.npy
1446,frankfurt_000001_054077.png.npy
1447,strasbourg_000001_024379.png.npy
1448,bochum_000000_000313.png.npy
1449,stuttgart_000019_000019.png.npy
1450,hamburg_000000_105123.png.npy
1451,hanover_000000_023614.png.npy
1452,erfurt_000071_000019.png.npy
1453,krefeld_000000_011655.png.npy
1454,bremen_000191_000019.png.npy
1455,dusseldorf_000043_000019.png.npy
1456,hamburg_000000_032266.png.npy
1457,bremen_000285_000019.png.npy
1458,dusseldorf_000200_000019.png.npy
1459,bremen_000216_000019.png.npy
1460,hanover_000000_047870.png.npy
1461,krefeld_000000_025434.png.npy
1462,monchengladbach_000000_031005.png.npy
1463,tubingen_000022_000019.png.npy
1464,tubingen_000132_000019.png.npy
1465,strasbourg_000001_035276.png.npy
1466,weimar_000109_000019.png.npy
1467,aachen_000122_000019.png.npy
1468,munster_000066_000019.png.npy
1469,strasbourg_000001_035689.png.npy
1470,dusseldorf_000089_000019.png.npy
1471,munster_000105_000019.png.npy
1472,cologne_000021_000019.png.npy
1473,strasbourg_000001_017540.png.npy
1474,munster_000074_000019.png.npy
1475,frankfurt_000001_030310.png.npy
1476,darmstadt_000062_000019.png.npy
1477,jena_000081_000019.png.npy
1478,bochum_000000_010700.png.npy
1479,ulm_000060_000019.png.npy
1480,bremen_000183_000019.png.npy
1481,strasbourg_000001_010445.png.npy
1482,erfurt_000108_000019.png.npy
1483,hamburg_000000_088627.png.npy
1484,bremen_000092_000019.png.npy
1485,ulm_000061_000019.png.npy
1486,erfurt_000088_000019.png.npy
1487,hamburg_000000_076966.png.npy
1488,dusseldorf_000098_000019.png.npy
1489,tubingen_000061_000019.png.npy
1490,strasbourg_000001_004260.png.npy
1491,dusseldorf_000020_000019.png.npy
1492,strasbourg_000000_017044.png.npy
1493,dusseldorf_000202_000019.png.npy
1494,bremen_000086_000019.png.npy
1495,strasbourg_000001_048605.png.npy
1496,munster_000122_000019.png.npy
1497,jena_000059_000019.png.npy
1498,bremen_000099_000019.png.npy
1499,bochum_000000_035958.png.npy
1500,cologne_000042_000019.png.npy
1501,hanover_000000_039021.png.npy
1502,aachen_000167_000019.png.npy
1503,weimar_000027_000019.png.npy
1504,tubingen_000094_000019.png.npy
1505,strasbourg_000000_036016.png.npy
1506,munster_000034_000019.png.npy
1507,munster_000052_000019.png.npy
1508,dusseldorf_000025_000019.png.npy
1509,frankfurt_000001_049298.png.npy
1510,hanover_000000_003853.png.npy
1511,zurich_000012_000019.png.npy
1512,hamburg_000000_032906.png.npy
1513,darmstadt_000020_000019.png.npy
1514,frankfurt_000001_047552.png.npy
1515,cologne_000057_000019.png.npy
1516,frankfurt_000001_059789.png.npy
1517,frankfurt_000000_022797.png.npy
1518,tubingen_000099_000019.png.npy
1519,hamburg_000000_031971.png.npy
1520,dusseldorf_000090_000019.png.npy
1521,hamburg_000000_073389.png.npy
1522,stuttgart_000070_000019.png.npy
1523,hanover_000000_029404.png.npy
1524,dusseldorf_000105_000019.png.npy
1525,darmstadt_000077_000019.png.npy
1526,cologne_000104_000019.png.npy
1527,monchengladbach_000000_014685.png.npy
1528,bremen_000044_000019.png.npy
1529,hamburg_000000_046566.png.npy
1530,tubingen_000012_000019.png.npy
1531,hanover_000000_005599.png.npy
1532,strasbourg_000001_001722.png.npy
1533,stuttgart_000162_000019.png.npy
1534,lindau_000021_000019.png.npy
1535,frankfurt_000001_060422.png.npy
1536,zurich_000010_000019.png.npy
1537,strasbourg_000001_059675.png.npy
1538,dusseldorf_000061_000019.png.npy
1539,munster_000169_000019.png.npy
1540,hanover_000000_009420.png.npy
1541,dusseldorf_000182_000019.png.npy
1542,jena_000002_000019.png.npy
1543,krefeld_000000_006686.png.npy
1544,hamburg_000000_059339.png.npy
1545,frankfurt_000001_011835.png.npy
1546,ulm_000004_000019.png.npy
1547,erfurt_000000_000019.png.npy
1548,bremen_000028_000019.png.npy
1549,strasbourg_000001_040761.png.npy
1550,aachen_000162_000019.png.npy
1551,hamburg_000000_103186.png.npy
1552,zurich_000016_000019.png.npy
1553,bremen_000079_000019.png.npy
1554,krefeld_000000_000926.png.npy
1555,hanover_000000_036051.png.npy
1556,bochum_000000_031152.png.npy
1557,frankfurt_000001_005410.png.npy
1558,krefeld_000000_011483.png.npy
1559,bremen_000019_000019.png.npy
1560,dusseldorf_000132_000019.png.npy
1561,zurich_000120_000019.png.npy
1562,monchengladbach_000000_002972.png.npy
1563,dusseldorf_000057_000019.png.npy
1564,aachen_000171_000019.png.npy
1565,bochum_000000_037829.png.npy
1566,hamburg_000000_082187.png.npy
1567,krefeld_000000_028638.png.npy
1568,stuttgart_000153_000019.png.npy
1569,krefeld_000000_017489.png.npy
1570,cologne_000073_000019.png.npy
1571,jena_000020_000019.png.npy
1572,aachen_000027_000019.png.npy
1573,frankfurt_000000_001016.png.npy
1574,stuttgart_000062_000019.png.npy
1575,dusseldorf_000008_000019.png.npy
1576,ulm_000034_000019.png.npy
1577,bremen_000175_000019.png.npy
1578,munster_000067_000019.png.npy
1579,munster_000037_000019.png.npy
1580,bremen_000299_000019.png.npy
1581,weimar_000070_000019.png.npy
1582,munster_000162_000019.png.npy
1583,jena_000063_000019.png.npy
1584,stuttgart_000024_000019.png.npy
1585,aachen_000021_000019.png.npy
1586,stuttgart_000116_000019.png.npy
1587,zurich_000023_000019.png.npy
1588,strasbourg_000001_053976.png.npy
1589,hamburg_000000_001106.png.npy
1590,hanover_000000_051842.png.npy
1591,frankfurt_000001_021825.png.npy
1592,weimar_000067_000019.png.npy
1593,weimar_000128_000019.png.npy
1594,ulm_000049_000019.png.npy
1595,aachen_000002_000019.png.npy
1596,jena_000099_000019.png.npy
1597,hanover_000000_027481.png.npy
1598,bremen_000072_000019.png.npy
1599,krefeld_000000_020334.png.npy
1600,ulm_000032_000019.png.npy
1601,hamburg_000000_071016.png.npy
1602,dusseldorf_000174_000019.png.npy
1603,hanover_000000_055800.png.npy
1604,strasbourg_000001_018742.png.npy
1605,aachen_000172_000019.png.npy
1606,zurich_000074_000019.png.npy
1607,frankfurt_000000_020321.png.npy
1608,frankfurt_000001_070099.png.npy
1609,bremen_000301_000019.png.npy
1610,ulm_000028_000019.png.npy
1611,strasbourg_000001_028852.png.npy
1612,hanover_000000_030781.png.npy
1613,hamburg_000000_043944.png.npy
1614,erfurt_000055_000019.png.npy
1615,cologne_000087_000019.png.npy
1616,aachen_000135_000019.png.npy
1617,hamburg_000000_099902.png.npy
1618,bremen_000280_000019.png.npy
1619,ulm_000003_000019.png.npy
1620,tubingen_000006_000019.png.npy
1621,frankfurt_000001_012738.png.npy
1622,frankfurt_000001_080391.png.npy
1623,erfurt_000063_000019.png.npy
1624,weimar_000035_000019.png.npy
1625,strasbourg_000001_025426.png.npy
1626,monchengladbach_000000_009690.png.npy
1627,ulm_000059_000019.png.npy
1628,darmstadt_000057_000019.png.npy
1629,zurich_000003_000019.png.npy
1630,tubingen_000030_000019.png.npy
1631,aachen_000075_000019.png.npy
1632,weimar_000065_000019.png.npy
1633,frankfurt_000001_013016.png.npy
1634,frankfurt_000001_000538.png.npy
1635,weimar_000028_000019.png.npy
1636,zurich_000022_000019.png.npy
1637,tubingen_000043_000019.png.npy
1638,stuttgart_000068_000019.png.npy
1639,frankfurt_000000_015389.png.npy
1640,hamburg_000000_087822.png.npy
1641,munster_000078_000019.png.npy
1642,cologne_000127_000019.png.npy
1643,stuttgart_000049_000019.png.npy
1644,zurich_000111_000019.png.npy
1645,hamburg_000000_078842.png.npy
1646,jena_000053_000019.png.npy
1647,bremen_000056_000019.png.npy
1648,jena_000010_000019.png.npy
1649,jena_000082_000019.png.npy
1650,bremen_000054_000019.png.npy
1651,hanover_000000_024276.png.npy
1652,frankfurt_000001_033655.png.npy
1653,stuttgart_000067_000019.png.npy
1654,strasbourg_000001_042558.png.npy
1655,zurich_000047_000019.png.npy
1656,bremen_000258_000019.png.npy
1657,tubingen_000087_000019.png.npy
1658,bremen_000006_000019.png.npy
1659,jena_000064_000019.png.npy
1660,dusseldorf_000116_000019.png.npy
1661,hanover_000000_013094.png.npy
1662,bremen_000288_000019.png.npy
1663,strasbourg_000000_032962.png.npy
1664,tubingen_000020_000019.png.npy
1665,darmstadt_000023_000019.png.npy
1666,dusseldorf_000148_000019.png.npy
1667,dusseldorf_000053_000019.png.npy
1668,darmstadt_000052_000019.png.npy
1669,hanover_000000_058189.png.npy
1670,tubingen_000050_000019.png.npy
1671,krefeld_000000_032845.png.npy
1672,dusseldorf_000036_000019.png.npy
1673,krefeld_000000_032390.png.npy
1674,munster_000095_000019.png.npy
1675,munster_000048_000019.png.npy
1676,erfurt_000102_000019.png.npy
1677,erfurt_000009_000019.png.npy
1678,aachen_000037_000019.png.npy
1679,munster_000129_000019.png.npy
1680,hamburg_000000_021961.png.npy
1681,hamburg_000000_091900.png.npy
1682,cologne_000040_000019.png.npy
1683,jena_000069_000019.png.npy
1684,monchengladbach_000000_024964.png.npy
1685,munster_000093_000019.png.npy
1686,ulm_000074_000019.png.npy
1687,strasbourg_000001_013767.png.npy
1688,dusseldorf_000016_000019.png.npy
1689,hamburg_000000_052904.png.npy
1690,erfurt_000072_000019.png.npy
1691,zurich_000087_000019.png.npy
1692,erfurt_000003_000019.png.npy
1693,frankfurt_000000_013942.png.npy
1694,tubingen_000027_000019.png.npy
1695,cologne_000152_000019.png.npy
1696,bremen_000060_000019.png.npy
1697,strasbourg_000000_033129.png.npy
1698,weimar_000053_000019.png.npy
1699,hamburg_000000_022524.png.npy
1700,munster_000098_000019.png.npy
1701,hamburg_000000_085982.png.npy
1702,dusseldorf_000059_000019.png.npy
1703,hamburg_000000_060907.png.npy
1704,frankfurt_000001_018113.png.npy
1705,krefeld_000000_018004.png.npy
1706,frankfurt_000001_062793.png.npy
1707,dusseldorf_000010_000019.png.npy
1708,hamburg_000000_055414.png.npy
1709,bochum_000000_033531.png.npy
1710,bremen_000237_000019.png.npy
1711,strasbourg_000000_024945.png.npy
1712,cologne_000006_000019.png.npy
1713,hamburg_000000_071675.png.npy
1714,tubingen_000086_000019.png.npy
1715,zurich_000049_000019.png.npy
1716,cologne_000108_000019.png.npy
1717,darmstadt_000076_000019.png.npy
1718,darmstadt_000066_000019.png.npy
1719,monchengladbach_000000_029526.png.npy
1720,stuttgart_000043_000019.png.npy
1721,tubingen_000135_000019.png.npy
1722,frankfurt_000000_016286.png.npy
1723,bremen_000224_000019.png.npy
1724,ulm_000051_000019.png.npy
1725,hanover_000000_009004.png.npy
1726,hanover_000000_039470.png.npy
1727,munster_000154_000019.png.npy
1728,ulm_000033_000019.png.npy
1729,tubingen_000041_000019.png.npy
1730,erfurt_000097_000019.png.npy
1731,weimar_000107_000019.png.npy
1732,strasbourg_000001_006153.png.npy
1733,hamburg_000000_016447.png.npy
1734,munster_000092_000019.png.npy
1735,munster_000088_000019.png.npy
1736,aachen_000051_000019.png.npy
1737,hanover_000000_029325.png.npy
1738,stuttgart_000017_000019.png.npy
1739,zurich_000094_000019.png.npy
1740,frankfurt_000001_007973.png.npy
1741,frankfurt_000001_048196.png.npy
1742,hanover_000000_024989.png.npy
1743,jena_000030_000019.png.npy
1744,erfurt_000051_000019.png.npy
1745,monchengladbach_000000_022748.png.npy
1746,hamburg_000000_085645.png.npy
1747,strasbourg_000001_005666.png.npy
1748,weimar_000058_000019.png.npy
1749,hamburg_000000_053086.png.npy
1750,hamburg_000000_048750.png.npy
1751,dusseldorf_000027_000019.png.npy
1752,strasbourg_000001_033027.png.npy
1753,bremen_000048_000019.png.npy
1754,dusseldorf_000218_000019.png.npy
1755,hanover_000000_037516.png.npy
1756,erfurt_000053_000019.png.npy
1757,hamburg_000000_088783.png.npy
1758,cologne_000134_000019.png.npy
1759,weimar_000046_000019.png.npy
1760,zurich_000043_000019.png.npy
1761,ulm_000044_000019.png.npy
1762,stuttgart_000117_000019.png.npy
1763,frankfurt_000000_003025.png.npy
1764,dusseldorf_000012_000019.png.npy
1765,erfurt_000049_000019.png.npy
1766,frankfurt_000000_002196.png.npy
1767,strasbourg_000000_013863.png.npy
1768,jena_000047_000019.png.npy
1769,krefeld_000000_023698.png.npy
1770,cologne_000117_000019.png.npy
1771,hamburg_000000_067799.png.npy
1772,munster_000141_000019.png.npy
1773,hanover_000000_006355.png.npy
1774,tubingen_000003_000019.png.npy
1775,cologne_000053_000019.png.npy
1776,erfurt_000076_000019.png.npy
1777,cologne_000083_000019.png.npy
1778,erfurt_000012_000019.png.npy
1779,cologne_000120_000019.png.npy
1780,frankfurt_000001_029600.png.npy
1781,stuttgart_000015_000019.png.npy
1782,hamburg_000000_083586.png.npy
1783,monchengladbach_000000_031623.png.npy
1784,bochum_000000_033331.png.npy
1785,stuttgart_000112_000019.png.npy
1786,erfurt_000002_000019.png.npy
1787,monchengladbach_000000_018114.png.npy
1788,tubingen_000046_000019.png.npy
1789,krefeld_000000_023143.png.npy
1790,ulm_000084_000019.png.npy
1791,stuttgart_000158_000019.png.npy
1792,aachen_000150_000019.png.npy
1793,bremen_000281_000019.png.npy
1794,erfurt_000024_000019.png.npy
1795,strasbourg_000001_014033.png.npy
1796,aachen_000137_000019.png.npy
1797,weimar_000110_000019.png.npy
1798,bremen_000108_000019.png.npy
1799,bremen_000236_000019.png.npy
1800,frankfurt_000001_044227.png.npy
1801,weimar_000138_000019.png.npy
1802,aachen_000147_000019.png.npy
1803,stuttgart_000034_000019.png.npy
1804,aachen_000101_000019.png.npy
1805,hanover_000000_056457.png.npy
1806,bremen_000052_000019.png.npy
1807,hamburg_000000_062710.png.npy
1808,aachen_000030_000019.png.npy
1809,bochum_000000_006026.png.npy
1810,hanover_000000_019672.png.npy
1811,strasbourg_000001_047955.png.npy
1812,munster_000094_000019.png.npy
1813,aachen_000025_000019.png.npy
1814,weimar_000127_000019.png.npy
1815,zurich_000115_000019.png.npy
1816,monchengladbach_000000_024637.png.npy
1817,hamburg_000000_020563.png.npy
1818,bochum_000000_034936.png.npy
1819,aachen_000112_000019.png.npy
1820,bremen_000162_000019.png.npy
1821,strasbourg_000000_011880.png.npy
1822,strasbourg_000000_012070.png.npy
1823,hanover_000000_023881.png.npy
1824,bremen_000161_000019.png.npy
1825,krefeld_000000_008584.png.npy
1826,strasbourg_000000_012934.png.npy
1827,frankfurt_000001_082087.png.npy
1828,hanover_000000_042581.png.npy
1829,bochum_000000_004032.png.npy
1830,bremen_000058_000019.png.npy
1831,tubingen_000115_000019.png.npy
1832,aachen_000102_000019.png.npy
1833,jena_000091_000019.png.npy
1834,darmstadt_000041_000019.png.npy
1835,ulm_000065_000019.png.npy
1836,strasbourg_000001_039558.png.npy
1837,hamburg_000000_061468.png.npy
1838,munster_000073_000019.png.npy
1839,aachen_000074_000019.png.npy
1840,munster_000153_000019.png.npy
1841,aachen_000043_000019.png.npy
1842,lindau_000013_000019.png.npy
1843,bremen_000133_000019.png.npy
1844,dusseldorf_000118_000019.png.npy
1845,bremen_000045_000019.png.npy
1846,dusseldorf_000168_000019.png.npy
1847,monchengladbach_000000_015126.png.npy
1848,strasbourg_000000_004112.png.npy
1849,stuttgart_000122_000019.png.npy
1850,frankfurt_000001_058504.png.npy
1851,krefeld_000000_003096.png.npy
1852,hamburg_000000_039546.png.npy
1853,zurich_000119_000019.png.npy
1854,krefeld_000000_000108.png.npy
1855,tubingen_000021_000019.png.npy
1856,zurich_000096_000019.png.npy
1857,strasbourg_000001_045481.png.npy
1858,bremen_000123_000019.png.npy
1859,frankfurt_000000_000576.png.npy
1860,tubingen_000029_000019.png.npy
1861,ulm_000085_000019.png.npy
1862,monchengladbach_000000_026602.png.npy
1863,hamburg_000000_054850.png.npy
1864,aachen_000066_000019.png.npy
1865,bremen_000095_000019.png.npy
1866,bochum_000000_014658.png.npy
1867,jena_000001_000019.png.npy
1868,aachen_000108_000019.png.npy
1869,stuttgart_000105_000019.png.npy
1870,strasbourg_000001_051661.png.npy
1871,bochum_000000_025746.png.npy
1872,bremen_000032_000019.png.npy
1873,munster_000064_000019.png.npy
1874,erfurt_000106_000019.png.npy
1875,bremen_000300_000019.png.npy
1876,aachen_000073_000019.png.npy
1877,bremen_000007_000019.png.npy
1878,munster_000123_000019.png.npy
1879,hanover_000000_045657.png.npy
1880,strasbourg_000001_009097.png.npy
1881,monchengladbach_000000_019682.png.npy
1882,stuttgart_000168_000019.png.npy
1883,jena_000105_000019.png.npy
1884,weimar_000134_000019.png.npy
1885,weimar_000089_000019.png.npy
1886,krefeld_000000_012353.png.npy
1887,dusseldorf_000124_000019.png.npy
1888,dusseldorf_000129_000019.png.npy
1889,aachen_000098_000019.png.npy
1890,stuttgart_000136_000019.png.npy
1891,strasbourg_000000_031323.png.npy
1892,dusseldorf_000213_000019.png.npy
1893,tubingen_000121_000019.png.npy
1894,tubingen_000028_000019.png.npy
1895,aachen_000100_000019.png.npy
1896,frankfurt_000000_014480.png.npy
1897,stuttgart_000104_000019.png.npy
1898,bremen_000187_000019.png.npy
1899,hanover_000000_028460.png.npy
1900,krefeld_000000_008305.png.npy
1901,tubingen_000106_000019.png.npy
1902,hanover_000000_009128.png.npy
1903,erfurt_000035_000019.png.npy
1904,aachen_000053_000019.png.npy
1905,weimar_000120_000019.png.npy
1906,bremen_000055_000019.png.npy
1907,dusseldorf_000109_000019.png.npy
1908,frankfurt_000000_009688.png.npy
1909,bochum_000000_033714.png.npy
1910,hanover_000000_030276.png.npy
1911,aachen_000132_000019.png.npy
1912,munster_000145_000019.png.npy
1913,tubingen_000052_000019.png.npy
1914,krefeld_000000_013766.png.npy
1915,ulm_000041_000019.png.npy
1916,hamburg_000000_089696.png.npy
1917,dusseldorf_000172_000019.png.npy
1918,aachen_000090_000019.png.npy
1919,strasbourg_000001_058373.png.npy
1920,munster_000102_000019.png.npy
1921,aachen_000088_000019.png.npy
1922,bremen_000119_000019.png.npy
1923,tubingen_000105_000019.png.npy
1924,bremen_000102_000019.png.npy
1925,jena_000070_000019.png.npy
1926,monchengladbach_000000_027628.png.npy
1927,dusseldorf_000065_000019.png.npy
1928,hanover_000000_046398.png.npy
1929,hamburg_000000_056229.png.npy
1930,stuttgart_000066_000019.png.npy
1931,lindau_000011_000019.png.npy
1932,tubingen_000001_000019.png.npy
1933,bremen_000214_000019.png.npy
1934,strasbourg_000001_003489.png.npy
1935,aachen_000045_000019.png.npy
1936,bremen_000035_000019.png.npy
1937,tubingen_000137_000019.png.npy
1938,weimar_000018_000019.png.npy
1939,frankfurt_000001_068208.png.npy
1940,frankfurt_000001_049770.png.npy
1941,cologne_000112_000019.png.npy
1942,erfurt_000041_000019.png.npy
1943,strasbourg_000001_031116.png.npy
1944,frankfurt_000001_053102.png.npy
1945,stuttgart_000156_000019.png.npy
1946,frankfurt_000001_030067.png.npy
1947,zurich_000117_000019.png.npy
1948,dusseldorf_000194_000019.png.npy
1949,strasbourg_000001_057191.png.npy
1950,dusseldorf_000101_000019.png.npy
1951,ulm_000025_000019.png.npy
1952,jena_000042_000019.png.npy
1953,zurich_000002_000019.png.npy
1954,monchengladbach_000000_026305.png.npy
1955,erfurt_000064_000019.png.npy
1956,bremen_000264_000019.png.npy
1957,dusseldorf_000052_000019.png.npy
1958,munster_000036_000019.png.npy
1959,strasbourg_000000_029915.png.npy
1960,munster_000024_000019.png.npy
1961,tubingen_000113_000019.png.npy
1962,strasbourg_000000_009619.png.npy
1963,hamburg_000000_028608.png.npy
1964,tubingen_000107_000019.png.npy
1965,munster_000131_000019.png.npy
1966,hanover_000000_002458.png.npy
1967,dusseldorf_000045_000019.png.npy
1968,zurich_000048_000019.png.npy
1969,stuttgart_000148_000019.png.npy
1970,erfurt_000094_000019.png.npy
1971,zurich_000044_000019.png.npy
1972,munster_000096_000019.png.npy
1973,jena_000038_000019.png.npy
1974,munster_000091_000019.png.npy
1975,weimar_000137_000019.png.npy
1976,tubingen_000095_000019.png.npy
1977,frankfurt_000001_012870.png.npy
1978,cologne_000068_000019.png.npy
1979,hamburg_000000_020211.png.npy
1980,hamburg_000000_098400.png.npy
1981,munster_000137_000019.png.npy
1982,munster_000113_000019.png.npy
1983,tubingen_000069_000019.png.npy
1984,bremen_000203_000019.png.npy
1985,aachen_000165_000019.png.npy
1986,frankfurt_000001_034816.png.npy
1987,bremen_000213_000019.png.npy
1988,dusseldorf_000081_000019.png.npy
1989,stuttgart_000130_000019.png.npy
1990,erfurt_000014_000019.png.npy
1991,strasbourg_000001_054639.png.npy
1992,strasbourg_000000_028240.png.npy
1993,strasbourg_000001_028379.png.npy
1994,stuttgart_000014_000019.png.npy
1995,bremen_000149_000019.png.npy
1996,munster_000050_000019.png.npy
1997,hamburg_000000_016928.png.npy
1998,munster_000023_000019.png.npy
1999,cologne_000080_000019.png.npy
2000,darmstadt_000047_000019.png.npy
2001,hanover_000000_043822.png.npy
2002,zurich_000030_000019.png.npy
2003,stuttgart_000080_000019.png.npy
2004,weimar_000104_000019.png.npy
2005,monchengladbach_000000_010733.png.npy
2006,frankfurt_000001_062653.png.npy
2007,weimar_000140_000019.png.npy
2008,hanover_000000_035606.png.npy
2009,munster_000021_000019.png.npy
2010,hamburg_000000_062039.png.npy
2011,dusseldorf_000037_000019.png.npy
2012,frankfurt_000001_066438.png.npy
2013,frankfurt_000001_010830.png.npy
2014,frankfurt_000001_035144.png.npy
2015,krefeld_000000_030111.png.npy
2016,strasbourg_000001_025833.png.npy
2017,zurich_000011_000019.png.npy
2018,hanover_000000_055124.png.npy
2019,munster_000055_000019.png.npy
2020,bremen_000217_000019.png.npy
2021,tubingen_000117_000019.png.npy
2022,tubingen_000077_000019.png.npy
2023,hanover_000000_029769.png.npy
2024,strasbourg_000001_022151.png.npy
2025,cologne_000141_000019.png.npy
2026,weimar_000014_000019.png.npy
2027,dusseldorf_000128_000019.png.npy
2028,strasbourg_000001_046324.png.npy
2029,bremen_000087_000019.png.npy
2030,hamburg_000000_029676.png.npy
2031,frankfurt_000000_018797.png.npy
2032,lindau_000010_000019.png.npy
2033,frankfurt_000001_071288.png.npy
2034,frankfurt_000000_019607.png.npy
2035,stuttgart_000065_000019.png.npy
2036,ulm_000009_000019.png.npy
2037,hamburg_000000_084865.png.npy
2038,weimar_000136_000019.png.npy
2039,bremen_000125_000019.png.npy
2040,hamburg_000000_067587.png.npy
2041,erfurt_000005_000019.png.npy
2042,hamburg_000000_068916.png.npy
2043,munster_000013_000019.png.npy
2044,darmstadt_000002_000019.png.npy
2045,strasbourg_000001_060821.png.npy
2046,dusseldorf_000058_000019.png.npy
2047,aachen_000170_000019.png.npy
2048,lindau_000023_000019.png.npy
2049,hamburg_000000_065055.png.npy
2050,aachen_000017_000019.png.npy
2051,frankfurt_000001_051737.png.npy
2052,darmstadt_000003_000019.png.npy
2053,hanover_000000_001620.png.npy
2054,hamburg_000000_046078.png.npy
2055,strasbourg_000001_020904.png.npy
2056,hamburg_000000_096624.png.npy
2057,frankfurt_000001_054640.png.npy
2058,aachen_000130_000019.png.npy
2059,darmstadt_000004_000019.png.npy
2060,munster_000086_000019.png.npy
2061,monchengladbach_000000_001068.png.npy
2062,jena_000037_000019.png.npy
2063,zurich_000056_000019.png.npy
2064,zurich_000118_000019.png.npy
2065,aachen_000105_000019.png.npy
2066,dusseldorf_000145_000019.png.npy
2067,jena_000032_000019.png.npy
2068,erfurt_000074_000019.png.npy
2069,weimar_000100_000019.png.npy
2070,stuttgart_000125_000019.png.npy
2071,hamburg_000000_093572.png.npy
2072,weimar_000047_000019.png.npy
2073,frankfurt_000001_014406.png.npy
2074,dusseldorf_000196_000019.png.npy
2075,dusseldorf_000099_000019.png.npy
2076,hanover_000000_013814.png.npy
2077,tubingen_000070_000019.png.npy
2078,bremen_000188_000019.png.npy
2079,strasbourg_000001_051134.png.npy
2080,weimar_000111_000019.png.npy
2081,aachen_000072_000019.png.npy
2082,monchengladbach_000000_005138.png.npy
2083,aachen_000046_000019.png.npy
2084,stuttgart_000012_000019.png.npy
2085,erfurt_000044_000019.png.npy
2086,strasbourg_000000_030435.png.npy
2087,hamburg_000000_065843.png.npy
2088,frankfurt_000001_044658.png.npy
2089,frankfurt_000001_013496.png.npy
2090,bremen_000181_000019.png.npy
2091,bremen_000153_000019.png.npy
2092,frankfurt_000001_059119.png.npy
2093,jena_000015_000019.png.npy
2094,tubingen_000045_000019.png.npy
2095,bremen_000284_000019.png.npy
2096,darmstadt_000063_000019.png.npy
2097,bremen_000039_000019.png.npy
2098,ulm_000068_000019.png.npy
2099,strasbourg_000000_015506.png.npy
2100,frankfurt_000001_055387.png.npy
2101,frankfurt_000001_056580.png.npy
2102,darmstadt_000013_000019.png.npy
2103,ulm_000067_000019.png.npy
2104,bochum_000000_024855.png.npy
2105,frankfurt_000001_023235.png.npy
2106,frankfurt_000001_054415.png.npy
2107,cologne_000102_000019.png.npy
2108,bremen_000071_000019.png.npy
2109,krefeld_000000_021553.png.npy
2110,bremen_000067_000019.png.npy
2111,tubingen_000118_000019.png.npy
2112,darmstadt_000042_000019.png.npy
2113,bochum_000000_001519.png.npy
2114,tubingen_000009_000019.png.npy
2115,bremen_000106_000019.png.npy
2116,strasbourg_000001_031272.png.npy
2117,cologne_000091_000019.png.npy
2118,frankfurt_000001_038844.png.npy
2119,cologne_000088_000019.png.npy
2120,hanover_000000_004230.png.npy
2121,aachen_000055_000019.png.npy
2122,frankfurt_000001_065850.png.npy
2123,tubingen_000062_000019.png.npy
2124,frankfurt_000001_032942.png.npy
2125,strasbourg_000001_052979.png.npy
2126,aachen_000095_000019.png.npy
2127,jena_000021_000019.png.npy
2128,hamburg_000000_027857.png.npy
2129,hamburg_000000_106102.png.npy
2130,weimar_000045_000019.png.npy
2131,hamburg_000000_057487.png.npy
2132,stuttgart_000133_000019.png.npy
2133,monchengladbach_000000_003442.png.npy
2134,jena_000102_000019.png.npy
2135,hamburg_000000_094185.png.npy
2136,hanover_000000_048765.png.npy
2137,munster_000134_000019.png.npy
2138,aachen_000146_000019.png.npy
2139,tubingen_000109_000019.png.npy
2140,krefeld_000000_021222.png.npy
2141,munster_000161_000019.png.npy
2142,bremen_000174_000019.png.npy
2143,aachen_000115_000019.png.npy
2144,bochum_000000_005537.png.npy
2145,stuttgart_000061_000019.png.npy
2146,aachen_000039_000019.png.npy
2147,hamburg_000000_034049.png.npy
2148,aachen_000110_000019.png.npy
2149,munster_000019_000019.png.npy
2150,dusseldorf_000024_000019.png.npy
2151,bochum_000000_029721.png.npy
2152,aachen_000140_000019.png.npy
2153,weimar_000021_000019.png.npy
2154,hanover_000000_024441.png.npy
2155,hamburg_000000_088939.png.npy
2156,weimar_000098_000019.png.npy
2157,stuttgart_000109_000019.png.npy
2158,dusseldorf_000179_000019.png.npy
2159,hanover_000000_023975.png.npy
2160,bochum_000000_029203.png.npy
2161,dusseldorf_000207_000019.png.npy
2162,dusseldorf_000198_000019.png.npy
2163,hamburg_000000_028439.png.npy
2164,weimar_000059_000019.png.npy
2165,stuttgart_000025_000019.png.npy
2166,munster_000148_000019.png.npy
2167,cologne_000016_000019.png.npy
2168,darmstadt_000036_000019.png.npy
2169,frankfurt_000001_071781.png.npy
2170,bremen_000103_000019.png.npy
2171,krefeld_000000_013257.png.npy
2172,strasbourg_000001_010755.png.npy
2173,erfurt_000029_000019.png.npy
2174,tubingen_000098_000019.png.npy
2175,hanover_000000_017041.png.npy
2176,hanover_000000_000164.png.npy
2177,dusseldorf_000000_000019.png.npy
2178,aachen_000011_000019.png.npy
2179,erfurt_000013_000019.png.npy
2180,strasbourg_000001_001072.png.npy
2181,strasbourg_000001_007657.png.npy
2182,tubingen_000136_000019.png.npy
2183,bochum_000000_017453.png.npy
2184,jena_000083_000019.png.npy
2185,bochum_000000_004748.png.npy
2186,cologne_000010_000019.png.npy
2187,bremen_000049_000019.png.npy
2188,weimar_000042_000019.png.npy
2189,tubingen_000005_000019.png.npy
2190,tubingen_000039_000019.png.npy
2191,hanover_000000_029043.png.npy
2192,bremen_000141_000019.png.npy
2193,strasbourg_000001_022836.png.npy
2194,dusseldorf_000022_000019.png.npy
2195,weimar_000084_000019.png.npy
2196,munster_000156_000019.png.npy
2197,frankfurt_000001_055709.png.npy
2198,bremen_000135_000019.png.npy
2199,hanover_000000_035491.png.npy
2200,strasbourg_000001_033448.png.npy
2201,dusseldorf_000031_000019.png.npy
2202,jena_000085_000019.png.npy
2203,hanover_000000_050398.png.npy
2204,cologne_000055_000019.png.npy
2205,hanover_000000_037298.png.npy
2206,dusseldorf_000162_000019.png.npy
2207,weimar_000118_000019.png.npy
2208,aachen_000060_000019.png.npy
2209,munster_000038_000019.png.npy
2210,strasbourg_000001_010162.png.npy
2211,cologne_000139_000019.png.npy
2212,ulm_000010_000019.png.npy
2213,jena_000073_000019.png.npy
2214,tubingen_000068_000019.png.npy
2215,bremen_000294_000019.png.npy
2216,ulm_000020_000019.png.npy
2217,dusseldorf_000083_000019.png.npy
2218,frankfurt_000001_075296.png.npy
2219,zurich_000009_000019.png.npy
2220,monchengladbach_000000_030662.png.npy
2221,aachen_000077_000019.png.npy
2222,hanover_000000_044085.png.npy
2223,bochum_000000_022210.png.npy
2224,hamburg_000000_105464.png.npy
2225,bremen_000122_000019.png.npy
2226,zurich_000088_000019.png.npy
2227,jena_000110_000019.png.npy
2228,aachen_000160_000019.png.npy
2229,bremen_000040_000019.png.npy
2230,zurich_000105_000019.png.npy
2231,strasbourg_000001_065214.png.npy
2232,frankfurt_000001_062250.png.npy
2233,darmstadt_000051_000019.png.npy
2234,hanover_000000_005970.png.npy
2235,strasbourg_000000_004383.png.npy
2236,munster_000111_000019.png.npy
2237,krefeld_000000_015116.png.npy
2238,weimar_000007_000019.png.npy
2239,hanover_000000_005288.png.npy
2240,dusseldorf_000136_000019.png.npy
2241,strasbourg_000001_039114.png.npy
2242,frankfurt_000000_003357.png.npy
2243,hanover_000000_046200.png.npy
2244,darmstadt_000019_000019.png.npy
2245,stuttgart_000002_000019.png.npy
2246,strasbourg_000000_031602.png.npy
2247,bremen_000195_000019.png.npy
2248,strasbourg_000000_027156.png.npy
2249,erfurt_000052_000019.png.npy
2250,krefeld_000000_010653.png.npy
2251,darmstadt_000055_000019.png.npy
2252,strasbourg_000000_029481.png.npy
2253,krefeld_000000_025812.png.npy
2254,tubingen_000124_000019.png.npy
2255,hamburg_000000_037036.png.npy
2256,bremen_000178_000019.png.npy
2257,stuttgart_000147_000019.png.npy
2258,frankfurt_000001_083029.png.npy
2259,erfurt_000091_000019.png.npy
2260,aachen_000097_000019.png.npy
2261,strasbourg_000001_019698.png.npy
2262,ulm_000019_000019.png.npy
2263,bochum_000000_016758.png.npy
2264,munster_000046_000019.png.npy
2265,hamburg_000000_048138.png.npy
2266,weimar_000112_000019.png.npy
2267,weimar_000078_000019.png.npy
2268,strasbourg_000000_015602.png.npy
2269,bochum_000000_008804.png.npy
2270,hamburg_000000_007737.png.npy
2271,erfurt_000027_000019.png.npy
2272,munster_000121_000019.png.npy
2273,frankfurt_000001_077233.png.npy
2274,strasbourg_000000_026882.png.npy
2275,bremen_000121_000019.png.npy
2276,stuttgart_000001_000019.png.npy
2277,dusseldorf_000164_000019.png.npy
2278,strasbourg_000000_014931.png.npy
2279,munster_000016_000019.png.npy
2280,weimar_000072_000019.png.npy
2281,bremen_000020_000019.png.npy
2282,munster_000090_000019.png.npy
2283,hanover_000000_044344.png.npy
2284,hanover_000000_049269.png.npy
2285,hanover_000000_011971.png.npy
2286,hamburg_000000_053563.png.npy
2287,weimar_000036_000019.png.npy
2288,hanover_000000_034935.png.npy
2289,dusseldorf_000192_000019.png.npy
2290,bremen_000143_000019.png.npy
2291,frankfurt_000001_028335.png.npy
2292,strasbourg_000001_030269.png.npy
2293,aachen_000022_000019.png.npy
2294,strasbourg_000000_002553.png.npy
2295,munster_000149_000019.png.npy
2296,cologne_000118_000019.png.npy
2297,jena_000106_000019.png.npy
2298,dusseldorf_000176_000019.png.npy
2299,aachen_000016_000019.png.npy
2300,tubingen_000089_000019.png.npy
2301,weimar_000069_000019.png.npy
2302,bremen_000065_000019.png.npy
2303,zurich_000109_000019.png.npy
2304,erfurt_000090_000019.png.npy
2305,dusseldorf_000166_000019.png.npy
2306,munster_000022_000019.png.npy
2307,hanover_000000_043653.png.npy
2308,zurich_000015_000019.png.npy
2309,zurich_000102_000019.png.npy
2310,hamburg_000000_003904.png.npy
2311,strasbourg_000001_049776.png.npy
2312,hamburg_000000_050160.png.npy
2313,dusseldorf_000005_000019.png.npy
2314,tubingen_000007_000019.png.npy
2315,monchengladbach_000000_026908.png.npy
2316,munster_000108_000019.png.npy
2317,hanover_000000_027390.png.npy
2318,dusseldorf_000033_000019.png.npy
2319,ulm_000093_000019.png.npy
2320,krefeld_000000_012505.png.npy
2321,munster_000054_000019.png.npy
2322,lindau_000009_000019.png.npy
2323,weimar_000064_000019.png.npy
2324,bochum_000000_002562.png.npy
2325,dusseldorf_000019_000019.png.npy
2326,krefeld_000000_014886.png.npy
2327,strasbourg_000000_004951.png.npy
2328,dusseldorf_000141_000019.png.npy
2329,strasbourg_000000_018874.png.npy
2330,hanover_000000_030346.png.npy
2331,stuttgart_000193_000019.png.npy
2332,frankfurt_000001_055538.png.npy
2333,aachen_000018_000019.png.npy
2334,strasbourg_000001_032660.png.npy
2335,stuttgart_000063_000019.png.npy
2336,aachen_000068_000019.png.npy
2337,jena_000024_000019.png.npy
2338,frankfurt_000001_065617.png.npy
2339,stuttgart_000018_000019.png.npy
2340,bremen_000278_000019.png.npy
2341,aachen_000014_000019.png.npy
2342,hamburg_000000_100300.png.npy
2343,bremen_000296_000019.png.npy
2344,munster_000167_000019.png.npy
2345,strasbourg_000001_001449.png.npy
2346,weimar_000121_000019.png.npy
2347,bochum_000000_010562.png.npy
2348,lindau_000002_000019.png.npy
2349,ulm_000002_000019.png.npy
2350,zurich_000058_000019.png.npy
2351,aachen_000087_000019.png.npy
2352,hamburg_000000_025986.png.npy
2353,aachen_000008_000019.png.npy
2354,strasbourg_000000_006995.png.npy
2355,krefeld_000000_019697.png.npy
2356,cologne_000038_000019.png.npy
2357,frankfurt_000001_060545.png.npy
2358,krefeld_000000_019125.png.npy
2359,hamburg_000000_056508.png.npy
2360,strasbourg_000001_003676.png.npy
2361,munster_000039_000019.png.npy
2362,krefeld_000000_020033.png.npy
2363,erfurt_000059_000019.png.npy
2364,aachen_000038_000019.png.npy
2365,bremen_000005_000019.png.npy
2366,dusseldorf_000210_000019.png.npy
2367,aachen_000154_000019.png.npy
2368,dusseldorf_000097_000019.png.npy
2369,weimar_000076_000019.png.npy
2370,tubingen_000075_000019.png.npy
2371,strasbourg_000001_020956.png.npy
2372,aachen_000099_000019.png.npy
2373,aachen_000159_000019.png.npy
2374,bremen_000293_000019.png.npy
2375,hanover_000000_015849.png.npy
2376,aachen_000139_000019.png.npy
2377,dusseldorf_000093_000019.png.npy
2378,frankfurt_000001_059642.png.npy
2379,stuttgart_000103_000019.png.npy
2380,munster_000028_000019.png.npy
2381,strasbourg_000001_061285.png.npy
2382,strasbourg_000001_062691.png.npy
2383,zurich_000038_000019.png.npy
2384,dusseldorf_000156_000019.png.npy
2385,strasbourg_000000_006264.png.npy
2386,hamburg_000000_040021.png.npy
2387,tubingen_000130_000019.png.npy
2388,strasbourg_000000_031067.png.npy
2389,hanover_000000_038927.png.npy
2390,strasbourg_000001_015220.png.npy
2391,strasbourg_000000_011225.png.npy
2392,ulm_000071_000019.png.npy
2393,cologne_000094_000019.png.npy
2394,cologne_000045_000019.png.npy
2395,aachen_000163_000019.png.npy
2396,jena_000092_000019.png.npy
2397,hamburg_000000_055039.png.npy
2398,stuttgart_000169_000019.png.npy
2399,bremen_000098_000019.png.npy
2400,hanover_000000_056361.png.npy
2401,strasbourg_000000_006106.png.npy
2402,dusseldorf_000120_000019.png.npy
2403,dusseldorf_000062_000019.png.npy
2404,bremen_000256_000019.png.npy
2405,bochum_000000_003674.png.npy
2406,hamburg_000000_091155.png.npy
2407,munster_000084_000019.png.npy
2408,dusseldorf_000173_000019.png.npy
2409,bochum_000000_011255.png.npy
2410,jena_000056_000019.png.npy
2411,ulm_000012_000019.png.npy
2412,erfurt_000058_000019.png.npy
2413,munster_000030_000019.png.npy
2414,munster_000040_000019.png.npy
2415,weimar_000048_000019.png.npy
2416,weimar_000020_000019.png.npy
2417,stuttgart_000120_000019.png.npy
2418,lindau_000037_000019.png.npy
2419,aachen_000006_000019.png.npy
2420,dusseldorf_000158_000019.png.npy
2421,ulm_000021_000019.png.npy
2422,stuttgart_000167_000019.png.npy
2423,jena_000111_000019.png.npy
2424,cologne_000041_000019.png.npy
2425,stuttgart_000113_000019.png.npy
2426,aachen_000033_000019.png.npy
2427,aachen_000058_000019.png.npy
2428,strasbourg_000000_017283.png.npy
2429,aachen_000067_000019.png.npy
2430,bremen_000074_000019.png.npy
2431,bremen_000017_000019.png.npy
2432,frankfurt_000001_017459.png.npy
2433,weimar_000116_000019.png.npy
2434,bremen_000062_000019.png.npy
2435,monchengladbach_000000_011383.png.npy
2436,hamburg_000000_067338.png.npy
2437,munster_000001_000019.png.npy
2438,cologne_000147_000019.png.npy
2439,hanover_000000_044622.png.npy
2440,weimar_000015_000019.png.npy
2441,strasbourg_000000_008603.png.npy
2442,tubingen_000055_000019.png.npy
2443,jena_000068_000019.png.npy
2444,munster_000006_000019.png.npy
2445,stuttgart_000190_000019.png.npy
2446,dusseldorf_000004_000019.png.npy
2447,hamburg_000000_090398.png.npy
2448,frankfurt_000001_073464.png.npy
2449,weimar_000032_000019.png.npy
2450,tubingen_000051_000019.png.npy
2451,weimar_000131_000019.png.npy
2452,bremen_000287_000019.png.npy
2453,cologne_000072_000019.png.npy
2454,erfurt_000067_000019.png.npy
2455,munster_000031_000019.png.npy
2456,jena_000107_000019.png.npy
2457,bremen_000130_000019.png.npy
2458,zurich_000026_000019.png.npy
2459,hamburg_000000_094717.png.npy
2460,dusseldorf_000131_000019.png.npy
2461,hamburg_000000_029144.png.npy
2462,strasbourg_000001_030839.png.npy
2463,strasbourg_000001_000508.png.npy
2464,weimar_000044_000019.png.npy
2465,strasbourg_000000_005249.png.npy
2466,strasbourg_000001_022363.png.npy
2467,bremen_000026_000019.png.npy
2468,hanover_000000_014919.png.npy
2469,munster_000125_000019.png.npy
2470,strasbourg_000001_036937.png.npy
2471,strasbourg_000001_004745.png.npy
2472,darmstadt_000082_000019.png.npy
2473,bremen_000025_000019.png.npy
2474,ulm_000055_000019.png.npy
2475,strasbourg_000001_051317.png.npy
2476,ulm_000007_000019.png.npy
2477,strasbourg_000001_041215.png.npy
2478,hanover_000000_044195.png.npy
2479,monchengladbach_000001_000168.png.npy
2480,bochum_000000_016591.png.npy
2481,strasbourg_000000_035008.png.npy
2482,bremen_000206_000019.png.npy
2483,bremen_000021_000019.png.npy
2484,bremen_000136_000019.png.npy
2485,cologne_000086_000019.png.npy
2486,hanover_000000_007342.png.npy
2487,dusseldorf_000092_000019.png.npy
2488,krefeld_000000_035398.png.npy
2489,munster_000142_000019.png.npy
2490,dusseldorf_000055_000019.png.npy
2491,ulm_000069_000019.png.npy
2492,krefeld_000000_004447.png.npy
2493,bremen_000190_000019.png.npy
2494,ulm_000018_000019.png.npy
2495,strasbourg_000000_005995.png.npy
2496,zurich_000095_000019.png.npy
2497,zurich_000112_000019.png.npy
2498,bremen_000171_000019.png.npy
2499,bremen_000027_000019.png.npy
2500,dusseldorf_000077_000019.png.npy
2501,munster_000072_000019.png.npy
2502,cologne_000081_000019.png.npy
2503,hanover_000000_018800.png.npy
2504,dusseldorf_000159_000019.png.npy
2505,strasbourg_000001_037090.png.npy
2506,strasbourg_000001_054275.png.npy
2507,aachen_000151_000019.png.npy
2508,frankfurt_000001_028854.png.npy
2509,bremen_000154_000019.png.npy
2510,weimar_000057_000019.png.npy
2511,zurich_000062_000019.png.npy
2512,frankfurt_000001_003588.png.npy
2513,bochum_000000_033056.png.npy
2514,dusseldorf_000042_000019.png.npy
2515,hanover_000000_027282.png.npy
2516,tubingen_000100_000019.png.npy
2517,erfurt_000015_000019.png.npy
2518,frankfurt_000001_046504.png.npy
2519,cologne_000124_000019.png.npy
2520,lindau_000004_000019.png.npy
2521,munster_000144_000019.png.npy
2522,bremen_000221_000019.png.npy
2523,hamburg_000000_060586.png.npy
2524,ulm_000029_000019.png.npy
2525,hanover_000000_032210.png.npy
2526,hamburg_000000_064269.png.npy
2527,frankfurt_000001_044787.png.npy
2528,weimar_000061_000019.png.npy
2529,aachen_000157_000019.png.npy
2530,hamburg_000000_074425.png.npy
2531,munster_000060_000019.png.npy
2532,frankfurt_000000_011007.png.npy
2533,cologne_000005_000019.png.npy
2534,jena_000036_000019.png.npy
2535,jena_000023_000019.png.npy
2536,hanover_000000_032559.png.npy
2537,zurich_000080_000019.png.npy
2538,krefeld_000000_034231.png.npy
2539,hamburg_000000_097447.png.npy
2540,weimar_000050_000019.png.npy
2541,hanover_000000_003224.png.npy
2542,zurich_000097_000019.png.npy
2543,bochum_000000_028297.png.npy
2544,dusseldorf_000035_000019.png.npy
2545,stuttgart_000056_000019.png.npy
2546,frankfurt_000000_011810.png.npy
2547,ulm_000057_000019.png.npy
2548,ulm_000056_000019.png.npy
2549,munster_000025_000019.png.npy
2550,ulm_000066_000019.png.npy
2551,frankfurt_000001_027325.png.npy
2552,bremen_000013_000019.png.npy
2553,bremen_000046_000019.png.npy
2554,strasbourg_000001_045880.png.npy
2555,frankfurt_000001_041517.png.npy
2556,weimar_000086_000019.png.npy
2557,weimar_000038_000019.png.npy
2558,frankfurt_000000_011461.png.npy
2559,zurich_000000_000019.png.npy
2560,zurich_000013_000019.png.npy
2561,erfurt_000083_000019.png.npy
2562,ulm_000031_000019.png.npy
2563,strasbourg_000000_009110.png.npy
2564,cologne_000069_000019.png.npy
2565,cologne_000043_000019.png.npy
2566,tubingen_000042_000019.png.npy
2567,munster_000035_000019.png.npy
2568,bremen_000215_000019.png.npy
2569,krefeld_000000_034389.png.npy
2570,dusseldorf_000193_000019.png.npy
2571,bremen_000182_000019.png.npy
2572,frankfurt_000001_034047.png.npy
2573,strasbourg_000001_040564.png.npy
2574,frankfurt_000000_000294.png.npy
2575,ulm_000053_000019.png.npy
2576,strasbourg_000001_013914.png.npy
2577,hamburg_000000_061048.png.npy
2578,hamburg_000000_021353.png.npy
2579,monchengladbach_000000_000076.png.npy
2580,krefeld_000000_033478.png.npy
2581,tubingen_000038_000019.png.npy
2582,weimar_000080_000019.png.npy
2583,aachen_000065_000019.png.npy
2584,frankfurt_000001_064130.png.npy
2585,erfurt_000065_000019.png.npy
2586,zurich_000046_000019.png.npy
2587,tubingen_000023_000019.png.npy
2588,hanover_000000_010553.png.npy
2589,tubingen_000096_000019.png.npy
2590,aachen_000031_000019.png.npy
2591,jena_000006_000019.png.npy
2592,dusseldorf_000189_000019.png.npy
2593,zurich_000034_000019.png.npy
2594,erfurt_000085_000019.png.npy
2595,monchengladbach_000000_006518.png.npy
2596,aachen_000071_000019.png.npy
2597,aachen_000078_000019.png.npy
2598,zurich_000025_000019.png.npy
2599,hamburg_000000_077756.png.npy
2600,strasbourg_000000_032346.png.npy
2601,strasbourg_000001_059433.png.npy
2602,stuttgart_000165_000019.png.npy
2603,strasbourg_000001_026856.png.npy
2604,strasbourg_000001_000778.png.npy
2605,bremen_000077_000019.png.npy
2606,frankfurt_000001_014565.png.npy
2607,frankfurt_000001_062396.png.npy
2608,bremen_000145_000019.png.npy
2609,bremen_000016_000019.png.npy
2610,munster_000027_000019.png.npy
2611,aachen_000149_000019.png.npy
2612,munster_000002_000019.png.npy
2613,aachen_000125_000019.png.npy
2614,cologne_000019_000019.png.npy
2615,dusseldorf_000114_000019.png.npy
2616,weimar_000077_000019.png.npy
2617,frankfurt_000001_025713.png.npy
2618,strasbourg_000001_061384.png.npy
2619,frankfurt_000001_019854.png.npy
2620,darmstadt_000040_000019.png.npy
